SeriesID,SeriesCode,Series,Unit,Database,Year,AreaName,AreaCode,DisaggregationGroup,Disaggregation1,Disaggregation2,Value,Notes,Source,LastModifiedOn
11624,i99H,Internet users (%),% of individuals,ITU World Telecommunication Indicators Database,2024,Afghanistan,AFG,,,,16.09499931,,ITU estimate.,2026-02-02
11632,i271mw,Active mobile-broadband subscriptions,Value,ITU World Telecommunication Indicators Database,2024,Afghanistan,AFG,,,,25630751.0,,ITU estimate.,2026-01-12
19306,i271GA,Percentage of the population covered by at least an LTE/WiMAX mobile network.,% of individuals,ITU World Telecommunication Indicators Database,2024,Afghanistan,AFG,,,,37.32410104,,ITU estimate.,2026-01-08
260,i61,Population,Value,ITU World Telecommunication Indicators Database,2024,Afghanistan,AFG,,,,42647492.0,,UN Population Division World Population Prospects 2024,2024-07-17
12047,xHH6_IDI,Estimated proportion of households with Internet access at home,% of households,ITU World Telecommunication Indicators Database,2024,Afghanistan,AFG,,,,27.98975982,,ITU estimate.,2026-02-02
260,i61,Population,Value,ITU World Telecommunication Indicators Database,2024,Angola,AGO,,,,37885849.0,,UN Population Division World Population Prospects 2024,2024-07-17
12047,xHH6_IDI,Estimated proportion of households with Internet access at home,% of households,ITU World Telecommunication Indicators Database,2024,Angola,AGO,,,,55.62824302,,ITU estimate.,2026-02-02
19257,i4213tfbb,Fixed-broadband subscriptions,Value,ITU World Telecommunication Indicators Database,2024,Angola,AGO,,,,137467.0,,Angolan Institute of Communications,2025-06-25
11632,i271mw,Active mobile-broadband subscriptions,Value,ITU World Telecommunication Indicators Database,2024,Angola,AGO,,,,12648006.0,,Angolan Institute of Communications,2025-06-25
11624,i99H,Internet users (%),% of individuals,ITU World Telecommunication Indicators Database,2024,Angola,AGO,,,,40.70479965,,ITU estimate.,2026-02-02
19306,i271GA,Percentage of the population covered by at least an LTE/WiMAX mobile network.,% of individuals,ITU World Telecommunication Indicators Database,2024,Angola,AGO,,,,77.4,,Angolan Institute of Communications,2025-06-25
19306,i271GA,Percentage of the population covered by at least an LTE/WiMAX mobile network.,% of individuals,ITU World Telecommunication Indicators Database,2024,Armenia,ARM,,,,100.0,,Ministry of High-Tech Industry of Armenia,2025-05-30
260,i61,Population,Value,ITU World Telecommunication Indicators Database,2024,Armenia,ARM,,,,2973840.0,,UN Population Division World Population Prospects 2024,2024-07-17
19257,i4213tfbb,Fixed-broadband subscriptions,Value,ITU World Telecommunication Indicators Database,2024,Armenia,ARM,,,,603960.0,,Ministry of High-Tech Industry of Armenia,2025-05-30
12047,xHH6_IDI,Estimated proportion of households with Internet access at home,% of households,ITU World Telecommunication Indicators Database,2024,Armenia,ARM,,,,93.50335658,,ITU estimate.,2026-07-08
11632,i271mw,Active mobile-broadband subscriptions,Value,ITU World Telecommunication Indicators Database,2024,Armenia,ARM,,,,3061841.0,,Ministry of High-Tech Industry of Armenia,2025-05-30
11624,i99H,Internet users (%),% of individuals,ITU World Telecommunication Indicators Database,2024,Armenia,ARM,,,,83.42620684,All ages.,ITU estimate.,2026-07-08
11624,i99H,Internet users (%),% of individuals,ITU World Telecommunication Indicators Database,2024,Burkina Faso,BFA,,,,28.25270081,,ITU estimate.,2026-02-02
11632,i271mw,Active mobile-broadband subscriptions,Value,ITU World Telecommunication Indicators Database,2024,Burkina Faso,BFA,,,,13364299.0,3G + 4G,ITU Research based on ARCEP,2025-10-30
19306,i271GA,Percentage of the population covered by at least an LTE/WiMAX mobile network.,% of individuals,ITU World Telecommunication Indicators Database,2024,Burkina Faso,BFA,,,,63.7,,ITU Research based on ARCEP,2025-10-30
260,i61,Population,Value,ITU World Telecommunication Indicators Database,2024,Burkina Faso,BFA,,,,23548781.0,,UN Population Division World Population Prospects 2024,2024-07-17
19257,i4213tfbb,Fixed-broadband subscriptions,Value,ITU World Telecommunication Indicators Database,2024,Burkina Faso,BFA,,,,200526.0,,ITU Research based on ARCEP,2026-07-01
12047,xHH6_IDI,Estimated proportion of households with Internet access at home,% of households,ITU World Telecommunication Indicators Database,2024,Botswana,BWA,,,,68.92681812,,Statistics Botswana,2026-01-15
19257,i4213tfbb,Fixed-broadband subscriptions,Value,ITU World Telecommunication Indicators Database,2024,Botswana,BWA,,,,187597.0,,Botswana Communications Regulatory Authority (BOCRA),2025-07-10
260,i61,Population,Value,ITU World Telecommunication Indicators Database,2024,Botswana,BWA,,,,2521139.0,,UN Population Division World Population Prospects 2024,2024-07-17
11624,i99H,Internet users (%),% of individuals,ITU World Telecommunication Indicators Database,2024,Botswana,BWA,,,,57.45950036,Aged 5 and older.,Statistics Botswana,2026-01-15
11632,i271mw,Active mobile-broadband subscriptions,Value,ITU World Telecommunication Indicators Database,2024,Botswana,BWA,,,,3405752.0,,Botswana Communications Regulatory Authority (BOCRA),2025-05-30
19306,i271GA,Percentage of the population covered by at least an LTE/WiMAX mobile network.,% of individuals,ITU World Telecommunication Indicators Database,2024,Botswana,BWA,,,,93.0,,Botswana Communications Regulatory Authority (BOCRA),2025-05-30
19306,i271GA,Percentage of the population covered by at least an LTE/WiMAX mobile network.,% of individuals,ITU World Telecommunication Indicators Database,2024,Barbados,BRB,,,,99.0,,ITU estimate.,2026-01-08
260,i61,Population,Value,ITU World Telecommunication Indicators Database,2024,Barbados,BRB,,,,282467.0,,UN Population Division World Population Prospects 2024,2024-07-17
12047,xHH6_IDI,Estimated proportion of households with Internet access at home,% of households,ITU World Telecommunication Indicators Database,2024,Barbados,BRB,,,,77.87149627,,ITU estimate.,2026-02-02
11624,i99H,Internet users (%),% of individuals,ITU World Telecommunication Indicators Database,2024,Barbados,BRB,,,,70.36470032,,ITU estimate.,2026-02-02
11632,i271mw,Active mobile-broadband subscriptions,Value,ITU World Telecommunication Indicators Database,2024,Barbados,BRB,,,,169300.0,,ITU estimate.,2026-01-12
11632,i271mw,Active mobile-broadband subscriptions,Value,ITU World Telecommunication Indicators Database,2024,Cambodia,KHM,,,,18353385.0,,Telecommunication Regulator of Cambodia (TRC),2025-05-29
11624,i99H,Internet users (%),% of individuals,ITU World Telecommunication Indicators Database,2024,Cambodia,KHM,,,,68.47530365,,ITU estimate.,2026-02-02
19306,i271GA,Percentage of the population covered by at least an LTE/WiMAX mobile network.,% of individuals,ITU World Telecommunication Indicators Database,2024,Cambodia,KHM,,,,93.2,,Telecommunication Regulator of Cambodia (TRC),2025-05-29
19257,i4213tfbb,Fixed-broadband subscriptions,Value,ITU World Telecommunication Indicators Database,2024,Cambodia,KHM,,,,731245.0,,Telecommunication Regulator of Cambodia (TRC),2025-05-29
260,i61,Population,Value,ITU World Telecommunication Indicators Database,2024,Cambodia,KHM,,,,17638801.0,,UN Population Division World Population Prospects 2024,2024-07-17
12047,xHH6_IDI,Estimated proportion of households with Internet access at home,% of households,ITU World Telecommunication Indicators Database,2024,Cambodia,KHM,,,,70.21042609,,ITU estimate.,2026-02-02
19257,i4213tfbb,Fixed-broadband subscriptions,Value,ITU World Telecommunication Indicators Database,2024,Colombia,COL,,,,9109367.0,Source: Colombia TIC,Ministerio de Tecnologías de la Información y las Comunicaciones,2025-05-28
260,i61,Population,Value,ITU World Telecommunication Indicators Database,2024,Colombia,COL,,,,52886363.0,,UN Population Division World Population Prospects 2024,2024-07-17
12047,xHH6_IDI,Estimated proportion of households with Internet access at home,% of households,ITU World Telecommunication Indicators Database,2024,Colombia,COL,,,,65.64878683,,Departamento Administrativo Nacional de Estadistica (DANE),2026-01-15
11632,i271mw,Active mobile-broadband subscriptions,Value,ITU World Telecommunication Indicators Database,2024,Colombia,COL,,,,49160334.0,Source: Colombia TIC,Ministerio de Tecnologías de la Información y las Comunicaciones,2025-05-28
11624,i99H,Internet users (%),% of individuals,ITU World Telecommunication Indicators Database,2024,Colombia,COL,,,,79.34543299,Aged 5 and older.,Departamento Administrativo Nacional de Estadistica (DANE),2026-01-15
19306,i271GA,Percentage of the population covered by at least an LTE/WiMAX mobile network.,% of individuals,ITU World Telecommunication Indicators Database,2024,Colombia,COL,,,,100.0,"Source: Colombia TIC, Se infiere toda la población de los municipios a las cabeceras municipales de acuerdo a la desagraciacion poblacional provista por la Entidad Estadística Nacional",Ministerio de Tecnologías de la Información y las Comunicaciones,2025-05-28
19306,i271GA,Percentage of the population covered by at least an LTE/WiMAX mobile network.,% of individuals,ITU World Telecommunication Indicators Database,2024,Spain,ESP,,,,99.9,,ITU estimate.,2026-07-16
19257,i4213tfbb,Fixed-broadband subscriptions,Value,ITU World Telecommunication Indicators Database,2024,Spain,ESP,,,,19015119.0,Provisional data,Comisión Nacional de los Mercados y la Competencia,2026-07-16
12047,xHH6_IDI,Estimated proportion of households with Internet access at home,% of households,ITU World Telecommunication Indicators Database,2024,Spain,ESP,,,,96.83110578,,Instituto Nacional de Estadistica,2026-02-02
260,i61,Population,Value,ITU World Telecommunication Indicators Database,2024,Spain,ESP,,,,47910526.0,,UN Population Division World Population Prospects 2024,2024-07-17
11624,i99H,Internet users (%),% of individuals,ITU World Telecommunication Indicators Database,2024,Spain,ESP,,,,95.7574516,Aged 16-74.,Instituto Nacional de Estadistica,2026-02-02
11632,i271mw,Active mobile-broadband subscriptions,Value,ITU World Telecommunication Indicators Database,2024,Spain,ESP,,,,55707760.0,Provisional data,Comisión Nacional de los Mercados y la Competencia,2026-07-16
11632,i271mw,Active mobile-broadband subscriptions,Value,ITU World Telecommunication Indicators Database,2024,Ethiopia,ETH,,,,50982172.0,,Ethiopian Communications Authority,2025-04-03
11624,i99H,Internet users (%),% of individuals,ITU World Telecommunication Indicators Database,2024,Ethiopia,ETH,,,,21.94129944,,ITU estimate.,2026-02-02
19306,i271GA,Percentage of the population covered by at least an LTE/WiMAX mobile network.,% of individuals,ITU World Telecommunication Indicators Database,2024,Ethiopia,ETH,,,,44.0,,Ethiopian Communications Authority,2025-04-03
19257,i4213tfbb,Fixed-broadband subscriptions,Value,ITU World Telecommunication Indicators Database,2024,Ethiopia,ETH,,,,784326.0,,Ethiopian Communications Authority,2025-04-03
260,i61,Population,Value,ITU World Telecommunication Indicators Database,2024,Ethiopia,ETH,,,,132059767.0,,UN Population Division World Population Prospects 2024,2024-07-17
12047,xHH6_IDI,Estimated proportion of households with Internet access at home,% of households,ITU World Telecommunication Indicators Database,2024,Ethiopia,ETH,,,,29.15778307,,ITU estimate.,2026-02-02
260,i61,Population,Value,ITU World Telecommunication Indicators Database,2024,Honduras,HND,,,,10825703.0,,UN Population Division World Population Prospects 2024,2024-07-17
19257,i4213tfbb,Fixed-broadband subscriptions,Value,ITU World Telecommunication Indicators Database,2024,Honduras,HND,,,,495725.0,,Comisión Nacional de Telecomunicaciones (CONATEL),2025-06-02
12047,xHH6_IDI,Estimated proportion of households with Internet access at home,% of households,ITU World Telecommunication Indicators Database,2024,Honduras,HND,,,,50.75729032,,ITU estimate.,2026-02-02
11632,i271mw,Active mobile-broadband subscriptions,Value,ITU World Telecommunication Indicators Database,2024,Honduras,HND,,,,5351655.0,,Comisión Nacional de Telecomunicaciones (CONATEL),2025-06-02
11624,i99H,Internet users (%),% of individuals,ITU World Telecommunication Indicators Database,2024,Honduras,HND,,,,58.62269974,,ITU estimate.,2026-02-02
19306,i271GA,Percentage of the population covered by at least an LTE/WiMAX mobile network.,% of individuals,ITU World Telecommunication Indicators Database,2024,Honduras,HND,,,,91.0,,Comisión Nacional de Telecomunicaciones (CONATEL),2025-06-02
19306,i271GA,Percentage of the population covered by at least an LTE/WiMAX mobile network.,% of individuals,ITU World Telecommunication Indicators Database,2024,India,IND,,,,99.06,As in December 2024,Department of Telecommunications,2025-05-29
260,i61,Population,Value,ITU World Telecommunication Indicators Database,2024,India,IND,,,,1450935791.0,,UN Population Division World Population Prospects 2024,2024-07-17
12047,xHH6_IDI,Estimated proportion of households with Internet access at home,% of households,ITU World Telecommunication Indicators Database,2024,India,IND,,,,82.82892848,,ITU estimate.,2026-02-02
19257,i4213tfbb,Fixed-broadband subscriptions,Value,ITU World Telecommunication Indicators Database,2024,India,IND,,,,45711188.0,As in December 2024,Department of Telecommunications,2025-05-29
11632,i271mw,Active mobile-broadband subscriptions,Value,ITU World Telecommunication Indicators Database,2024,India,IND,,,,898569523.0,As in December 2024,Department of Telecommunications,2025-05-29
11624,i99H,Internet users (%),% of individuals,ITU World Telecommunication Indicators Database,2024,India,IND,,,,64.9434967,,ITU estimate.,2026-02-02
11632,i271mw,Active mobile-broadband subscriptions,Value,ITU World Telecommunication Indicators Database,2024,Indonesia,IDN,,,,333250635.0,,Ministry of Communications and Informatics,2025-06-12
11624,i99H,Internet users (%),% of individuals,ITU World Telecommunication Indicators Database,2024,Indonesia,IDN,,,,72.78075544,Aged 5 and older.,BPS-Statistics Indonesia,2026-02-02
19306,i271GA,Percentage of the population covered by at least an LTE/WiMAX mobile network.,% of individuals,ITU World Telecommunication Indicators Database,2024,Indonesia,IDN,,,,99.15,,Ministry of Communications and Informatics,2025-06-12
260,i61,Population,Value,ITU World Telecommunication Indicators Database,2024,Indonesia,IDN,,,,283487931.0,,UN Population Division World Population Prospects 2024,2024-07-17
12047,xHH6_IDI,Estimated proportion of households with Internet access at home,% of households,ITU World Telecommunication Indicators Database,2024,Indonesia,IDN,,,,89.75756865,,BPS-Statistics Indonesia,2026-02-02
19257,i4213tfbb,Fixed-broadband subscriptions,Value,ITU World Telecommunication Indicators Database,2024,Indonesia,IDN,,,,13953182.0,This is the total of all subscriptions by speed. Some subscriptions where speed and technology can't be accounted for by the operators are excluded.,Ministry of Communications and Informatics,2025-07-30
19257,i4213tfbb,Fixed-broadband subscriptions,Value,ITU World Telecommunication Indicators Database,2024,Iraq,IRQ,,,,8118740.0,,Communications and Media Commission,2025-06-05
260,i61,Population,Value,ITU World Telecommunication Indicators Database,2024,Iraq,IRQ,,,,46042015.0,,UN Population Division World Population Prospects 2024,2024-07-17
12047,xHH6_IDI,Estimated proportion of households with Internet access at home,% of households,ITU World Telecommunication Indicators Database,2024,Iraq,IRQ,,,,87.27489911,,ITU estimate.,2026-02-02
11624,i99H,Internet users (%),% of individuals,ITU World Telecommunication Indicators Database,2024,Iraq,IRQ,,,,81.47450256,,ITU estimate.,2026-02-02
11632,i271mw,Active mobile-broadband subscriptions,Value,ITU World Telecommunication Indicators Database,2024,Iraq,IRQ,,,,19283618.0,,Communications and Media Commission,2025-06-05
19306,i271GA,Percentage of the population covered by at least an LTE/WiMAX mobile network.,% of individuals,ITU World Telecommunication Indicators Database,2024,Iraq,IRQ,,,,98.46,98.46%,Communications and Media Commission,2025-06-05
19306,i271GA,Percentage of the population covered by at least an LTE/WiMAX mobile network.,% of individuals,ITU World Telecommunication Indicators Database,2024,Israel,ISR,,,,99.0,,Ministry of Communications,2025-06-10
260,i61,Population,Value,ITU World Telecommunication Indicators Database,2024,Israel,ISR,,,,9387021.0,,UN Population Division World Population Prospects 2024,2024-07-17
19257,i4213tfbb,Fixed-broadband subscriptions,Value,ITU World Telecommunication Indicators Database,2024,Israel,ISR,,,,2739780.0,,Ministry of Communications,2026-07-04
12047,xHH6_IDI,Estimated proportion of households with Internet access at home,% of households,ITU World Telecommunication Indicators Database,2024,Israel,ISR,,,,86.56512224,,Central Bureau of Statistics,2026-02-02
11624,i99H,Internet users (%),% of individuals,ITU World Telecommunication Indicators Database,2024,Israel,ISR,,,,88.18242225,Aged 20 and older. Break in series: from 2023 mobile phones are no longer explicitly referenced in the question.,Central Bureau of Statistics,2026-01-15
11632,i271mw,Active mobile-broadband subscriptions,Value,ITU World Telecommunication Indicators Database,2024,Israel,ISR,,,,13644094.0,"active and private lines only
",Ministry of Communications,2026-07-04
11624,i99H,Internet users (%),% of individuals,ITU World Telecommunication Indicators Database,2024,Japan,JPN,,,,85.54153081,Aged 6 and older.,Ministry of Internal Affairs and Communications,2026-01-15
19306,i271GA,Percentage of the population covered by at least an LTE/WiMAX mobile network.,% of individuals,ITU World Telecommunication Indicators Database,2024,Japan,JPN,,,,98.1,,ITU estimate.,2026-01-08
12047,xHH6_IDI,Estimated proportion of households with Internet access at home,% of households,ITU World Telecommunication Indicators Database,2024,Japan,JPN,,,,91.04313301,,Ministry of Internal Affairs and Communications,2026-01-15
260,i61,Population,Value,ITU World Telecommunication Indicators Database,2024,Japan,JPN,,,,123753041.0,,UN Population Division World Population Prospects 2024,2024-07-17
19257,i4213tfbb,Fixed-broadband subscriptions,Value,ITU World Telecommunication Indicators Database,2024,Japan,JPN,,,,,,,2026-07-07
260,i61,Population,Value,ITU World Telecommunication Indicators Database,2024,Jamaica,JAM,,,,2839175.0,,UN Population Division World Population Prospects 2024,2024-07-17
12047,xHH6_IDI,Estimated proportion of households with Internet access at home,% of households,ITU World Telecommunication Indicators Database,2024,Jamaica,JAM,,,,86.64142356,,ITU estimate.,2026-02-02
19257,i4213tfbb,Fixed-broadband subscriptions,Value,ITU World Telecommunication Indicators Database,2024,Jamaica,JAM,,,,453746.0,,Office of Utilities Regulation,2025-06-03
11624,i99H,Internet users (%),% of individuals,ITU World Telecommunication Indicators Database,2024,Jamaica,JAM,,,,90.10870361,,ITU estimate.,2026-02-02
11632,i271mw,Active mobile-broadband subscriptions,Value,ITU World Telecommunication Indicators Database,2024,Jamaica,JAM,,,,1794826.0,,Office of Utilities Regulation,2025-06-03
19306,i271GA,Percentage of the population covered by at least an LTE/WiMAX mobile network.,% of individuals,ITU World Telecommunication Indicators Database,2024,Jamaica,JAM,,,,99.0,,Office of Utilities Regulation,2025-06-03
19306,i271GA,Percentage of the population covered by at least an LTE/WiMAX mobile network.,% of individuals,ITU World Telecommunication Indicators Database,2024,Kenya,KEN,,,,97.3,,Communications Authority  of Kenya,2025-05-21
19257,i4213tfbb,Fixed-broadband subscriptions,Value,ITU World Telecommunication Indicators Database,2024,Kenya,KEN,,,,1699880.0,,Communications Authority  of Kenya,2026-06-26
260,i61,Population,Value,ITU World Telecommunication Indicators Database,2024,Kenya,KEN,,,,56432944.0,,UN Population Division World Population Prospects 2024,2024-07-17
12047,xHH6_IDI,Estimated proportion of households with Internet access at home,% of households,ITU World Telecommunication Indicators Database,2024,Kenya,KEN,,,,47.4678837,Refers to households with access to broadband networks (fixed and/or mobile),Kenya National Bureau of Statistics,2026-02-02
11624,i99H,Internet users (%),% of individuals,ITU World Telecommunication Indicators Database,2024,Kenya,KEN,,,,34.97622513,Aged 3 and older.,Kenya National Bureau of Statistics,2026-02-02
11632,i271mw,Active mobile-broadband subscriptions,Value,ITU World Telecommunication Indicators Database,2024,Kenya,KEN,,,,45724212.0,"Revised Totals for 2023=37,410,509",Communications Authority  of Kenya,2026-06-26
11624,i99H,Internet users (%),% of individuals,ITU World Telecommunication Indicators Database,2024,Madagascar,MDG,,,,18.67790031,,ITU estimate.,2026-02-02
11632,i271mw,Active mobile-broadband subscriptions,Value,ITU World Telecommunication Indicators Database,2024,Madagascar,MDG,,,,9013200.0,,ITU estimate.,2026-01-12
19306,i271GA,Percentage of the population covered by at least an LTE/WiMAX mobile network.,% of individuals,ITU World Telecommunication Indicators Database,2024,Madagascar,MDG,,,,34.62669363,,ITU estimate.,2026-01-08
12047,xHH6_IDI,Estimated proportion of households with Internet access at home,% of households,ITU World Telecommunication Indicators Database,2024,Madagascar,MDG,,,,28.5,,ITU estimate.,2026-02-02
260,i61,Population,Value,ITU World Telecommunication Indicators Database,2024,Madagascar,MDG,,,,31964956.0,,UN Population Division World Population Prospects 2024,2024-07-17
260,i61,Population,Value,ITU World Telecommunication Indicators Database,2024,Morocco,MAR,,,,38081173.0,,UN Population Division World Population Prospects 2024,2024-07-17
12047,xHH6_IDI,Estimated proportion of households with Internet access at home,% of households,ITU World Telecommunication Indicators Database,2024,Morocco,MAR,,,,89.16215271,,Agence Nationale de Réglementation des Télécommunications,2026-07-08
19257,i4213tfbb,Fixed-broadband subscriptions,Value,ITU World Telecommunication Indicators Database,2024,Morocco,MAR,,,,2825153.0,,Agence Nationale de Règlementation des Télécommunications,2026-01-30
11624,i99H,Internet users (%),% of individuals,ITU World Telecommunication Indicators Database,2024,Morocco,MAR,,,,91.18130964,,Agence Nationale de Réglementation des Télécommunications,2026-07-08
11632,i271mw,Active mobile-broadband subscriptions,Value,ITU World Telecommunication Indicators Database,2024,Morocco,MAR,,,,37442000.0,,Agence Nationale de Règlementation des Télécommunications,2025-07-21
19306,i271GA,Percentage of the population covered by at least an LTE/WiMAX mobile network.,% of individuals,ITU World Telecommunication Indicators Database,2024,Morocco,MAR,,,,99.8,,Agence Nationale de Règlementation des Télécommunications,2026-01-30
19306,i271GA,Percentage of the population covered by at least an LTE/WiMAX mobile network.,% of individuals,ITU World Telecommunication Indicators Database,2024,Papua New Guinea,PNG,,,,76.0,,NICTA.,2025-07-18
260,i61,Population,Value,ITU World Telecommunication Indicators Database,2024,Papua New Guinea,PNG,,,,10576502.0,,UN Population Division World Population Prospects 2024,2024-07-17
19257,i4213tfbb,Fixed-broadband subscriptions,Value,ITU World Telecommunication Indicators Database,2024,Papua New Guinea,PNG,,,,24600.0,,ITU estimate.,2026-01-13
12047,xHH6_IDI,Estimated proportion of households with Internet access at home,% of households,ITU World Telecommunication Indicators Database,2024,Papua New Guinea,PNG,,,,30.45601455,,ITU estimate.,2026-02-02
11624,i99H,Internet users (%),% of individuals,ITU World Telecommunication Indicators Database,2024,Papua New Guinea,PNG,,,,18.81159973,,ITU estimate.,2026-02-02
11632,i271mw,Active mobile-broadband subscriptions,Value,ITU World Telecommunication Indicators Database,2024,Papua New Guinea,PNG,,,,2214365.0,Aggregate for two operators,NICTA.,2025-07-21
11632,i271mw,Active mobile-broadband subscriptions,Value,ITU World Telecommunication Indicators Database,2024,Rwanda,RWA,,,,10208316.0,,Rwanda Utilities Regulatory Authority,2025-04-16
11624,i99H,Internet users (%),% of individuals,ITU World Telecommunication Indicators Database,2024,Rwanda,RWA,,,,31.70330048,,ITU estimate.,2026-02-02
19306,i271GA,Percentage of the population covered by at least an LTE/WiMAX mobile network.,% of individuals,ITU World Telecommunication Indicators Database,2024,Rwanda,RWA,,,,98.76,,Rwanda Utilities Regulatory Authority,2025-04-16
260,i61,Population,Value,ITU World Telecommunication Indicators Database,2024,Rwanda,RWA,,,,14256567.0,,UN Population Division World Population Prospects 2024,2024-07-17
19257,i4213tfbb,Fixed-broadband subscriptions,Value,ITU World Telecommunication Indicators Database,2024,Rwanda,RWA,,,,84919.0,,Rwanda Utilities Regulatory Authority,2025-04-16
12047,xHH6_IDI,Estimated proportion of households with Internet access at home,% of households,ITU World Telecommunication Indicators Database,2024,Rwanda,RWA,,,,29.81762918,,ITU estimate.,2026-07-08
19306,i271GA,Percentage of the population covered by at least an LTE/WiMAX mobile network.,% of individuals,ITU World Telecommunication Indicators Database,2024,Uganda,UGA,,,,82.0,"One of the leading MNOs made significant investments specifically in 2024 to roll out services based on acquired spectrum, and to meet national coverage obligations attached to the new spectrum acquisition.",Uganda Communications Commission,2025-05-20
19257,i4213tfbb,Fixed-broadband subscriptions,Value,ITU World Telecommunication Indicators Database,2024,Uganda,UGA,,,,103838.0,Refinement in bandwidth capacity provided by the industry players. This was caused by a major pricing and service tiering shift by one of the new players.,Uganda Communications Commission,2025-05-20
260,i61,Population,Value,ITU World Telecommunication Indicators Database,2024,Uganda,UGA,,,,50015092.0,,UN Population Division World Population Prospects 2024,2024-07-17
12047,xHH6_IDI,Estimated proportion of households with Internet access at home,% of households,ITU World Telecommunication Indicators Database,2024,Uganda,UGA,,,,38.2844228,,ITU estimate.,2026-02-02
11624,i99H,Internet users (%),% of individuals,ITU World Telecommunication Indicators Database,2024,Uganda,UGA,,,,8.949831061,Aged 10 and older.,Uganda Bureau of Statistics,2026-02-02
11632,i271mw,Active mobile-broadband subscriptions,Value,ITU World Telecommunication Indicators Database,2024,Uganda,UGA,,,,19929926.0,Mobile broadband is driven by smartphone adoption across the country.,Uganda Communications Commission,2025-05-20
11624,i99H,Internet users (%),% of individuals,ITU World Telecommunication Indicators Database,2024,Ukraine,UKR,,,,82.47489929,,ITU estimate.,2026-02-02
11632,i271mw,Active mobile-broadband subscriptions,Value,ITU World Telecommunication Indicators Database,2024,Ukraine,UKR,,,,32867129.0,,Ministry of Digital Transformation of Ukraine,2025-05-28
19306,i271GA,Percentage of the population covered by at least an LTE/WiMAX mobile network.,% of individuals,ITU World Telecommunication Indicators Database,2024,Ukraine,UKR,,,,95.0,,ITU estimate.,2026-01-08
19257,i4213tfbb,Fixed-broadband subscriptions,Value,ITU World Telecommunication Indicators Database,2024,Ukraine,UKR,,,,8196087.0,,Ministry of Digital Transformation of Ukraine,2026-07-15
260,i61,Population,Value,ITU World Telecommunication Indicators Database,2024,Ukraine,UKR,,,,37860222.0,Including Crimea.,UN Population Division World Population Prospects 2024,2025-07-25
12047,xHH6_IDI,Estimated proportion of households with Internet access at home,% of households,ITU World Telecommunication Indicators Database,2024,Ukraine,UKR,,,,86.07418675,,ITU estimate.,2026-02-02
19257,i4213tfbb,Fixed-broadband subscriptions,Value,ITU World Telecommunication Indicators Database,2024,United States,USA,,,,134223000.0,Source:  FCC Form 477 (Preliminary and Subject to Change). #,U.S. Federal Communications Commission,2025-05-01
260,i61,Population,Value,ITU World Telecommunication Indicators Database,2024,United States,USA,,,,345426571.0,,UN Population Division World Population Prospects 2024,2024-07-17
12047,xHH6_IDI,Estimated proportion of households with Internet access at home,% of households,ITU World Telecommunication Indicators Database,2024,United States,USA,,,,94.85512356,,ITU estimate.,2026-02-02
11632,i271mw,Active mobile-broadband subscriptions,Value,ITU World Telecommunication Indicators Database,2024,United States,USA,,,,679479000.0,Source:  Omdia (retrieved on 02/10/2025). #,U.S. Federal Communications Commission,2025-05-01
11624,i99H,Internet users (%),% of individuals,ITU World Telecommunication Indicators Database,2024,United States,USA,,,,94.69380188,,ITU estimate.,2026-02-02
19306,i271GA,Percentage of the population covered by at least an LTE/WiMAX mobile network.,% of individuals,ITU World Telecommunication Indicators Database,2024,United States,USA,,,,99.0,Share of Locations.  Source:  FCC Broadband Data Collection (Preliminary and Subject to Change). #,U.S. Federal Communications Commission,2025-05-01
19306,i271GA,Percentage of the population covered by at least an LTE/WiMAX mobile network.,% of individuals,ITU World Telecommunication Indicators Database,2023,Afghanistan,AFG,,,,34.0,increase,Afghanistan Telecommunication Regulatory Authority.,2024-04-15
260,i61,Population,Value,ITU World Telecommunication Indicators Database,2023,Afghanistan,AFG,,,,41454761.0,,UN Population Division World Population Prospects 2024,2024-07-17
12047,xHH6_IDI,Estimated proportion of households with Internet access at home,% of households,ITU World Telecommunication Indicators Database,2023,Afghanistan,AFG,,,,27.7,,MICS 2022-2023,2024-12-18
19257,i4213tfbb,Fixed-broadband subscriptions,Value,ITU World Telecommunication Indicators Database,2023,Afghanistan,AFG,,,,33200.0,data usage increases the new subsribers,Afghanistan Telecommunication Regulatory Authority.,2024-04-15
11624,i99H,Internet users (%),% of individuals,ITU World Telecommunication Indicators Database,2023,Afghanistan,AFG,,,,15.92840004,,ITU estimate.,2026-02-02
11632,i271mw,Active mobile-broadband subscriptions,Value,ITU World Telecommunication Indicators Database,2023,Afghanistan,AFG,,,,23027082.0,increase,Afghanistan Telecommunication Regulatory Authority.,2024-04-15
11624,i99H,Internet users (%),% of individuals,ITU World Telecommunication Indicators Database,2023,Angola,AGO,,,,37.88589859,,ITU estimate.,2026-02-02
11632,i271mw,Active mobile-broadband subscriptions,Value,ITU World Telecommunication Indicators Database,2023,Angola,AGO,,,,11139237.0,,Angolan Institute of Communications,2024-10-16
19306,i271GA,Percentage of the population covered by at least an LTE/WiMAX mobile network.,% of individuals,ITU World Telecommunication Indicators Database,2023,Angola,AGO,,,,76.78,"data have been revised,there are estimated data so the unit is the smallest available",Angolan Institute of Communications,2024-10-16
19257,i4213tfbb,Fixed-broadband subscriptions,Value,ITU World Telecommunication Indicators Database,2023,Angola,AGO,,,,137323.0,,Angolan Institute of Communications,2024-10-16
12047,xHH6_IDI,Estimated proportion of households with Internet access at home,% of households,ITU World Telecommunication Indicators Database,2023,Angola,AGO,,,,52.21448781,,ITU estimate.,2026-02-02
260,i61,Population,Value,ITU World Telecommunication Indicators Database,2023,Angola,AGO,,,,36749906.0,,UN Population Division World Population Prospects 2024,2024-07-16
260,i61,Population,Value,ITU World Telecommunication Indicators Database,2023,Armenia,ARM,,,,2943393.0,,UN Population Division World Population Prospects 2024,2024-07-17
19257,i4213tfbb,Fixed-broadband subscriptions,Value,ITU World Telecommunication Indicators Database,2023,Armenia,ARM,,,,545876.0,,Ministry of High-Tech Industry of Armenia,2024-10-16
12047,xHH6_IDI,Estimated proportion of households with Internet access at home,% of households,ITU World Telecommunication Indicators Database,2023,Armenia,ARM,,,,91.74346188,,The Statistical Committee of the Republic of Armenia,2026-02-02
11632,i271mw,Active mobile-broadband subscriptions,Value,ITU World Telecommunication Indicators Database,2023,Armenia,ARM,,,,3036890.0,,Ministry of High-Tech Industry of Armenia,2024-10-16
11624,i99H,Internet users (%),% of individuals,ITU World Telecommunication Indicators Database,2023,Armenia,ARM,,,,79.99663036,All ages.,The Statistical Committee of the Republic of Armenia,2026-02-02
19306,i271GA,Percentage of the population covered by at least an LTE/WiMAX mobile network.,% of individuals,ITU World Telecommunication Indicators Database,2023,Armenia,ARM,,,,100.0,,Ministry of High-Tech Industry of Armenia,2024-10-16
19306,i271GA,Percentage of the population covered by at least an LTE/WiMAX mobile network.,% of individuals,ITU World Telecommunication Indicators Database,2023,Burkina Faso,BFA,,,,42.39,,ITU estimate.,2026-07-01
19257,i4213tfbb,Fixed-broadband subscriptions,Value,ITU World Telecommunication Indicators Database,2023,Burkina Faso,BFA,,,,105795.0,,ITU Research based on ARCEP,2025-10-30
260,i61,Population,Value,ITU World Telecommunication Indicators Database,2023,Burkina Faso,BFA,,,,23025776.0,,UN Population Division World Population Prospects 2024,2024-07-16
11624,i99H,Internet users (%),% of individuals,ITU World Telecommunication Indicators Database,2023,Burkina Faso,BFA,,,,25.36120033,Aged 15 and older.,Gallup World Poll.,2026-02-02
11632,i271mw,Active mobile-broadband subscriptions,Value,ITU World Telecommunication Indicators Database,2023,Botswana,BWA,,,,2774706.0,,Botswana Communications Regulatory Authority (BOCRA),2024-10-15
19306,i271GA,Percentage of the population covered by at least an LTE/WiMAX mobile network.,% of individuals,ITU World Telecommunication Indicators Database,2023,Botswana,BWA,,,,91.0,,Botswana Communications Regulatory Authority (BOCRA),2024-10-15
12047,xHH6_IDI,Estimated proportion of households with Internet access at home,% of households,ITU World Telecommunication Indicators Database,2023,Botswana,BWA,,,,67.79829534,,ITU estimate.,2026-02-02
19257,i4213tfbb,Fixed-broadband subscriptions,Value,ITU World Telecommunication Indicators Database,2023,Botswana,BWA,,,,152906.0,,Botswana Communications Regulatory Authority (BOCRA),2025-07-10
260,i61,Population,Value,ITU World Telecommunication Indicators Database,2023,Botswana,BWA,,,,2480244.0,,UN Population Division World Population Prospects 2024,2024-07-16
12047,xHH6_IDI,Estimated proportion of households with Internet access at home,% of households,ITU World Telecommunication Indicators Database,2023,Barbados,BRB,,,,76.91146824,,ITU estimate.,2026-02-02
260,i61,Population,Value,ITU World Telecommunication Indicators Database,2023,Barbados,BRB,,,,282336.0,,UN Population Division World Population Prospects 2024,2024-07-16
11624,i99H,Internet users (%),% of individuals,ITU World Telecommunication Indicators Database,2023,Barbados,BRB,,,,69.67510223,,ITU estimate.,2026-02-02
11632,i271mw,Active mobile-broadband subscriptions,Value,ITU World Telecommunication Indicators Database,2023,Cambodia,KHM,,,,19029120.0,,Telecommunication Regulator of Cambodia (TRC),2024-10-24
11624,i99H,Internet users (%),% of individuals,ITU World Telecommunication Indicators Database,2023,Cambodia,KHM,,,,68.92549896,,ITU estimate.,2026-02-02
12047,xHH6_IDI,Estimated proportion of households with Internet access at home,% of households,ITU World Telecommunication Indicators Database,2023,Cambodia,KHM,,,,69.00404302,,ITU estimate.,2026-02-02
260,i61,Population,Value,ITU World Telecommunication Indicators Database,2023,Cambodia,KHM,,,,17423880.0,,UN Population Division World Population Prospects 2024,2024-07-17
19257,i4213tfbb,Fixed-broadband subscriptions,Value,ITU World Telecommunication Indicators Database,2023,Cambodia,KHM,,,,634546.0,,Telecommunication Regulator of Cambodia (TRC),2024-10-24
19306,i271GA,Percentage of the population covered by at least an LTE/WiMAX mobile network.,% of individuals,ITU World Telecommunication Indicators Database,2023,Cambodia,KHM,,,,93.1,,Telecommunication Regulator of Cambodia (TRC),2024-10-24
19306,i271GA,Percentage of the population covered by at least an LTE/WiMAX mobile network.,% of individuals,ITU World Telecommunication Indicators Database,2023,Colombia,COL,,,,99.8,"Source: Colombia TIC, Se infiere toda la población de los municipios a las cabeceras municipales de acuerdo a la desagraciacion poblacional provista por la Entidad Estadística Nacional",Ministerio de Tecnologías de la Información y las Comunicaciones,2024-10-15
11632,i271mw,Active mobile-broadband subscriptions,Value,ITU World Telecommunication Indicators Database,2023,Colombia,COL,,,,44951860.0,Source: Colombia TIC,Ministerio de Tecnologías de la Información y las Comunicaciones,2024-10-15
11624,i99H,Internet users (%),% of individuals,ITU World Telecommunication Indicators Database,2023,Colombia,COL,,,,77.33686322,Aged 5 and older.,Departamento Administrativo Nacional de Estadistica (DANE),2026-02-02
260,i61,Population,Value,ITU World Telecommunication Indicators Database,2023,Colombia,COL,,,,52321152.0,,UN Population Division World Population Prospects 2024,2024-07-17
12047,xHH6_IDI,Estimated proportion of households with Internet access at home,% of households,ITU World Telecommunication Indicators Database,2023,Colombia,COL,,,,63.93571464,,Ministry of Industry and Information Technology,2026-02-02
19257,i4213tfbb,Fixed-broadband subscriptions,Value,ITU World Telecommunication Indicators Database,2023,Colombia,COL,,,,8913945.0,Source: Colombia TIC,Ministerio de Tecnologías de la Información y las Comunicaciones,2024-10-15
260,i61,Population,Value,ITU World Telecommunication Indicators Database,2023,Spain,ESP,,,,47911579.0,,UN Population Division World Population Prospects 2024,2024-07-16
12047,xHH6_IDI,Estimated proportion of households with Internet access at home,% of households,ITU World Telecommunication Indicators Database,2023,Spain,ESP,,,,96.44723181,,Instituto Nacional de Estadistica,2026-02-02
19257,i4213tfbb,Fixed-broadband subscriptions,Value,ITU World Telecommunication Indicators Database,2023,Spain,ESP,,,,17830207.0,The figure has been update. Data as of anual bases,Comisión Nacional de los Mercados y la Competencia,2024-10-11
19306,i271GA,Percentage of the population covered by at least an LTE/WiMAX mobile network.,% of individuals,ITU World Telecommunication Indicators Database,2023,Spain,ESP,,,,99.8,	Provisional data,Comisión Nacional de los Mercados y la Competencia,2026-07-16
11624,i99H,Internet users (%),% of individuals,ITU World Telecommunication Indicators Database,2023,Spain,ESP,,,,95.44564516,Aged 16-74.,Instituto Nacional de Estadistica,2026-02-02
11632,i271mw,Active mobile-broadband subscriptions,Value,ITU World Telecommunication Indicators Database,2023,Spain,ESP,,,,53937217.0,	Provisional data,Comisión Nacional de los Mercados y la Competencia,2024-10-11
11632,i271mw,Active mobile-broadband subscriptions,Value,ITU World Telecommunication Indicators Database,2023,Ethiopia,ETH,,,,40719503.0,,Ethiopian Communications Authority,2025-04-03
11624,i99H,Internet users (%),% of individuals,ITU World Telecommunication Indicators Database,2023,Ethiopia,ETH,,,,20.33749962,,ITU estimate.,2026-02-02
19257,i4213tfbb,Fixed-broadband subscriptions,Value,ITU World Telecommunication Indicators Database,2023,Ethiopia,ETH,,,,688273.0,,Ethiopian Communications Authority,2025-04-03
260,i61,Population,Value,ITU World Telecommunication Indicators Database,2023,Ethiopia,ETH,,,,128691692.0,,UN Population Division World Population Prospects 2024,2024-07-16
12047,xHH6_IDI,Estimated proportion of households with Internet access at home,% of households,ITU World Telecommunication Indicators Database,2023,Ethiopia,ETH,,,,26.81885023,,ITU estimate.,2026-02-02
19306,i271GA,Percentage of the population covered by at least an LTE/WiMAX mobile network.,% of individuals,ITU World Telecommunication Indicators Database,2023,Ethiopia,ETH,,,,35.0,,Ethiopian Communications Authority,2025-02-18
19306,i271GA,Percentage of the population covered by at least an LTE/WiMAX mobile network.,% of individuals,ITU World Telecommunication Indicators Database,2023,Honduras,HND,,,,91.0,,Comisión Nacional de Telecomunicaciones (CONATEL),2025-02-12
11624,i99H,Internet users (%),% of individuals,ITU World Telecommunication Indicators Database,2023,Honduras,HND,,,,58.0685997,,ITU estimate.,2026-02-02
11632,i271mw,Active mobile-broadband subscriptions,Value,ITU World Telecommunication Indicators Database,2023,Honduras,HND,,,,5262380.0,,Comisión Nacional de Telecomunicaciones (CONATEL),2024-10-16
260,i61,Population,Value,ITU World Telecommunication Indicators Database,2023,Honduras,HND,,,,10644851.0,,UN Population Division World Population Prospects 2024,2024-07-16
19257,i4213tfbb,Fixed-broadband subscriptions,Value,ITU World Telecommunication Indicators Database,2023,Honduras,HND,,,,464342.0,,Comisión Nacional de Telecomunicaciones (CONATEL),2024-10-16
12047,xHH6_IDI,Estimated proportion of households with Internet access at home,% of households,ITU World Telecommunication Indicators Database,2023,Honduras,HND,,,,50.83034008,,ITU estimate.,2026-02-02
19257,i4213tfbb,Fixed-broadband subscriptions,Value,ITU World Telecommunication Indicators Database,2023,India,IND,,,,39480000.0,As in December 2023,Department of Telecommunications,2024-11-08
260,i61,Population,Value,ITU World Telecommunication Indicators Database,2023,India,IND,,,,1438069596.0,,UN Population Division World Population Prospects 2024,2024-07-17
12047,xHH6_IDI,Estimated proportion of households with Internet access at home,% of households,ITU World Telecommunication Indicators Database,2023,India,IND,,,,79.4974669,,ITU estimate.,2026-02-02
19306,i271GA,Percentage of the population covered by at least an LTE/WiMAX mobile network.,% of individuals,ITU World Telecommunication Indicators Database,2023,India,IND,,,,98.8,As in December 2023,Department of Telecommunications,2024-11-08
11624,i99H,Internet users (%),% of individuals,ITU World Telecommunication Indicators Database,2023,India,IND,,,,60.25230026,,ITU estimate.,2026-02-02
11632,i271mw,Active mobile-broadband subscriptions,Value,ITU World Telecommunication Indicators Database,2023,India,IND,,,,865290000.0,As in December 2023,Department of Telecommunications,2024-11-08
11624,i99H,Internet users (%),% of individuals,ITU World Telecommunication Indicators Database,2023,Indonesia,IDN,,,,69.20836554,Aged 5 and older.,BPS-Statistics Indonesia,2026-02-02
11632,i271mw,Active mobile-broadband subscriptions,Value,ITU World Telecommunication Indicators Database,2023,Indonesia,IDN,,,,333131912.0,,Ministry of Communications and Informatics,2024-10-15
12047,xHH6_IDI,Estimated proportion of households with Internet access at home,% of households,ITU World Telecommunication Indicators Database,2023,Indonesia,IDN,,,,87.08827778,,BPS-Statistics Indonesia,2026-02-02
260,i61,Population,Value,ITU World Telecommunication Indicators Database,2023,Indonesia,IDN,,,,281190067.0,,UN Population Division World Population Prospects 2024,2024-07-17
19257,i4213tfbb,Fixed-broadband subscriptions,Value,ITU World Telecommunication Indicators Database,2023,Indonesia,IDN,,,,13543912.0,,Ministry of Communications and Informatics,2024-10-15
19306,i271GA,Percentage of the population covered by at least an LTE/WiMAX mobile network.,% of individuals,ITU World Telecommunication Indicators Database,2023,Indonesia,IDN,,,,98.96,,Ministry of Communications and Informatics,2025-02-04
19306,i271GA,Percentage of the population covered by at least an LTE/WiMAX mobile network.,% of individuals,ITU World Telecommunication Indicators Database,2023,Iraq,IRQ,,,,98.2,98.2%,Communications and Media Commission,2024-11-10
11632,i271mw,Active mobile-broadband subscriptions,Value,ITU World Telecommunication Indicators Database,2023,Iraq,IRQ,,,,23813015.0,,Communications and Media Commission,2024-11-10
11624,i99H,Internet users (%),% of individuals,ITU World Telecommunication Indicators Database,2023,Iraq,IRQ,,,,81.80889893,,ITU estimate.,2026-02-02
12047,xHH6_IDI,Estimated proportion of households with Internet access at home,% of households,ITU World Telecommunication Indicators Database,2023,Iraq,IRQ,,,,87.61072015,,ITU estimate.,2026-02-02
19257,i4213tfbb,Fixed-broadband subscriptions,Value,ITU World Telecommunication Indicators Database,2023,Iraq,IRQ,,,,7766825.0,Provisional value.,Communications and Media Commission,2025-01-27
260,i61,Population,Value,ITU World Telecommunication Indicators Database,2023,Iraq,IRQ,,,,45074049.0,,UN Population Division World Population Prospects 2024,2024-07-17
12047,xHH6_IDI,Estimated proportion of households with Internet access at home,% of households,ITU World Telecommunication Indicators Database,2023,Israel,ISR,,,,79.27507795,,ITU estimate.,2026-07-08
260,i61,Population,Value,ITU World Telecommunication Indicators Database,2023,Israel,ISR,,,,9256314.0,,UN Population Division World Population Prospects 2024,2024-07-17
19257,i4213tfbb,Fixed-broadband subscriptions,Value,ITU World Telecommunication Indicators Database,2023,Israel,ISR,,,,2724663.0,,Ministry of Communications,2024-11-12
19306,i271GA,Percentage of the population covered by at least an LTE/WiMAX mobile network.,% of individuals,ITU World Telecommunication Indicators Database,2023,Israel,ISR,,,,97.0,,Ministry of Communications,2024-11-12
11632,i271mw,Active mobile-broadband subscriptions,Value,ITU World Telecommunication Indicators Database,2023,Israel,ISR,,,,14193321.0,,Ministry of Communications,2024-11-12
11624,i99H,Internet users (%),% of individuals,ITU World Telecommunication Indicators Database,2023,Israel,ISR,,,,87.03842615,Aged 20 and older. Internet users may be underestimated because of the lack of reference to use also via the mobile phone in the question..,Central Bureau of Statistics,2026-02-02
11624,i99H,Internet users (%),% of individuals,ITU World Telecommunication Indicators Database,2023,Japan,JPN,,,,85.00990295,Aged 6 and older.,ITU estimate.,2026-02-02
11632,i271mw,Active mobile-broadband subscriptions,Value,ITU World Telecommunication Indicators Database,2023,Japan,JPN,,,,309805005.0,,Ministry of Internal Affairs and Communications,2025-01-28
19257,i4213tfbb,Fixed-broadband subscriptions,Value,ITU World Telecommunication Indicators Database,2023,Japan,JPN,,,,48046037.0,Total does not equal the sum of subscriptions by speed since it included subscriptions with unknown speed.,Ministry of Internal Affairs and Communications,2025-01-28
12047,xHH6_IDI,Estimated proportion of households with Internet access at home,% of households,ITU World Telecommunication Indicators Database,2023,Japan,JPN,,,,90.29286784,,ITU estimate.,2026-02-02
260,i61,Population,Value,ITU World Telecommunication Indicators Database,2023,Japan,JPN,,,,124370947.0,,UN Population Division World Population Prospects 2024,2024-07-17
19306,i271GA,Percentage of the population covered by at least an LTE/WiMAX mobile network.,% of individuals,ITU World Telecommunication Indicators Database,2023,Japan,JPN,,,,96.6,,Ministry of Internal Affairs and Communications,2024-10-02
19306,i271GA,Percentage of the population covered by at least an LTE/WiMAX mobile network.,% of individuals,ITU World Telecommunication Indicators Database,2023,Jamaica,JAM,,,,99.0,,Office of Utilities Regulation,2024-11-01
11632,i271mw,Active mobile-broadband subscriptions,Value,ITU World Telecommunication Indicators Database,2023,Jamaica,JAM,,,,2000734.0,,Office of Utilities Regulation,2024-11-01
11624,i99H,Internet users (%),% of individuals,ITU World Telecommunication Indicators Database,2023,Jamaica,JAM,,,,89.47304282,All ages.,Statistical Institute of Jamaica,2026-02-02
19257,i4213tfbb,Fixed-broadband subscriptions,Value,ITU World Telecommunication Indicators Database,2023,Jamaica,JAM,,,,448266.0,,Office of Utilities Regulation,2024-11-01
12047,xHH6_IDI,Estimated proportion of households with Internet access at home,% of households,ITU World Telecommunication Indicators Database,2023,Jamaica,JAM,,,,86.49258852,,Statistical Institute of Jamaica,2026-02-02
260,i61,Population,Value,ITU World Telecommunication Indicators Database,2023,Jamaica,JAM,,,,2839786.0,,UN Population Division World Population Prospects 2024,2024-07-16
12047,xHH6_IDI,Estimated proportion of households with Internet access at home,% of households,ITU World Telecommunication Indicators Database,2023,Kenya,KEN,,,,44.8128726,,ITU estimate.,2026-02-02
19257,i4213tfbb,Fixed-broadband subscriptions,Value,ITU World Telecommunication Indicators Database,2023,Kenya,KEN,,,,1321952.0,"More fixed-broadband service providers joining the market, expanding the market.",Communications Authority  of Kenya,2024-10-16
260,i61,Population,Value,ITU World Telecommunication Indicators Database,2023,Kenya,KEN,,,,55339003.0,,UN Population Division World Population Prospects 2024,2024-07-16
19306,i271GA,Percentage of the population covered by at least an LTE/WiMAX mobile network.,% of individuals,ITU World Telecommunication Indicators Database,2023,Kenya,KEN,,,,97.0,,Communications Authority  of Kenya,2024-10-16
11624,i99H,Internet users (%),% of individuals,ITU World Telecommunication Indicators Database,2023,Kenya,KEN,,,,32.07040024,,ITU estimate.,2026-02-02
11632,i271mw,Active mobile-broadband subscriptions,Value,ITU World Telecommunication Indicators Database,2023,Kenya,KEN,,,,36518744.0,,Communications Authority  of Kenya,2024-10-16
11624,i99H,Internet users (%),% of individuals,ITU World Telecommunication Indicators Database,2023,Madagascar,MDG,,,,18.24080086,,ITU estimate.,2026-02-02
11632,i271mw,Active mobile-broadband subscriptions,Value,ITU World Telecommunication Indicators Database,2023,Madagascar,MDG,,,,8126775.0,,Autorité de Régulation des Technologies de Communication,2024-10-16
260,i61,Population,Value,ITU World Telecommunication Indicators Database,2023,Madagascar,MDG,,,,31195932.0,,UN Population Division World Population Prospects 2024,2024-07-16
12047,xHH6_IDI,Estimated proportion of households with Internet access at home,% of households,ITU World Telecommunication Indicators Database,2023,Madagascar,MDG,,,,27.827349,,ITU estimate.,2026-02-02
19257,i4213tfbb,Fixed-broadband subscriptions,Value,ITU World Telecommunication Indicators Database,2023,Madagascar,MDG,,,,38835.0,,Autorité de Régulation des Technologies de Communication,2024-10-16
19306,i271GA,Percentage of the population covered by at least an LTE/WiMAX mobile network.,% of individuals,ITU World Telecommunication Indicators Database,2023,Madagascar,MDG,,,,33.64,,Autorité de Régulation des Technologies de Communication,2024-10-16
19306,i271GA,Percentage of the population covered by at least an LTE/WiMAX mobile network.,% of individuals,ITU World Telecommunication Indicators Database,2023,Morocco,MAR,,,,99.7,,Agence Nationale de Réglementation des Télécommunications,2024-10-21
11632,i271mw,Active mobile-broadband subscriptions,Value,ITU World Telecommunication Indicators Database,2023,Morocco,MAR,,,,35685000.0,,Agence Nationale de Réglementation des Télécommunications,2024-10-21
11624,i99H,Internet users (%),% of individuals,ITU World Telecommunication Indicators Database,2023,Morocco,MAR,,,,91.0,,Agence Nationale de Réglementation des Télécommunications,2025-02-04
260,i61,Population,Value,ITU World Telecommunication Indicators Database,2023,Morocco,MAR,,,,37712505.0,,UN Population Division World Population Prospects 2024,2024-07-16
19257,i4213tfbb,Fixed-broadband subscriptions,Value,ITU World Telecommunication Indicators Database,2023,Morocco,MAR,,,,2648113.0,,Agence Nationale de Réglementation des Télécommunications,2024-10-21
12047,xHH6_IDI,Estimated proportion of households with Internet access at home,% of households,ITU World Telecommunication Indicators Database,2023,Morocco,MAR,,,,88.7,,Agence Nationale de Réglementation des Télécommunications,2025-02-04
260,i61,Population,Value,ITU World Telecommunication Indicators Database,2023,Papua New Guinea,PNG,,,,10389635.0,,UN Population Division World Population Prospects 2024,2024-07-17
12047,xHH6_IDI,Estimated proportion of households with Internet access at home,% of households,ITU World Telecommunication Indicators Database,2023,Papua New Guinea,PNG,,,,29.82417329,,ITU estimate.,2026-02-02
19257,i4213tfbb,Fixed-broadband subscriptions,Value,ITU World Telecommunication Indicators Database,2023,Papua New Guinea,PNG,,,,23700.0,,ITU estimate.,2026-01-13
19306,i271GA,Percentage of the population covered by at least an LTE/WiMAX mobile network.,% of individuals,ITU World Telecommunication Indicators Database,2023,Papua New Guinea,PNG,,,,70.0,,NATIONAL INFORMATION & COMMUNICATION TECHNOLOGY AUTHORITY ( NICTA),2025-02-18
11624,i99H,Internet users (%),% of individuals,ITU World Telecommunication Indicators Database,2023,Papua New Guinea,PNG,,,,18.56130028,,ITU estimate.,2026-02-02
11624,i99H,Internet users (%),% of individuals,ITU World Telecommunication Indicators Database,2023,Rwanda,RWA,,,,28.80579948,,ITU estimate.,2026-02-02
11632,i271mw,Active mobile-broadband subscriptions,Value,ITU World Telecommunication Indicators Database,2023,Rwanda,RWA,,,,9277634.0,,Rwanda Utilities Regulatory Authority (RURA),2024-10-16
19257,i4213tfbb,Fixed-broadband subscriptions,Value,ITU World Telecommunication Indicators Database,2023,Rwanda,RWA,,,,62175.0,There were increase of fixed-broadband internet subscriptions in 2023 led by the connection of more households.,Rwanda Utilities Regulatory Authority (RURA),2024-10-16
12047,xHH6_IDI,Estimated proportion of households with Internet access at home,% of households,ITU World Telecommunication Indicators Database,2023,Rwanda,RWA,,,,43.3323953,,ITU estimate.,2026-02-02
260,i61,Population,Value,ITU World Telecommunication Indicators Database,2023,Rwanda,RWA,,,,13954471.0,,UN Population Division World Population Prospects 2024,2024-07-16
19306,i271GA,Percentage of the population covered by at least an LTE/WiMAX mobile network.,% of individuals,ITU World Telecommunication Indicators Database,2023,Rwanda,RWA,,,,98.76,,Rwanda Utilities Regulatory Authority (RURA),2024-10-16
19257,i4213tfbb,Fixed-broadband subscriptions,Value,ITU World Telecommunication Indicators Database,2023,Uganda,UGA,,,,44422.0,,Uganda Communications Commission,2024-04-26
12047,xHH6_IDI,Estimated proportion of households with Internet access at home,% of households,ITU World Telecommunication Indicators Database,2023,Uganda,UGA,,,,34.24229371,,ITU estimate.,2026-02-02
260,i61,Population,Value,ITU World Telecommunication Indicators Database,2023,Uganda,UGA,,,,48656601.0,,UN Population Division World Population Prospects 2024,2024-07-16
19306,i271GA,Percentage of the population covered by at least an LTE/WiMAX mobile network.,% of individuals,ITU World Telecommunication Indicators Database,2023,Uganda,UGA,,,,40.0,,Uganda Communications Commission,2024-10-17
11624,i99H,Internet users (%),% of individuals,ITU World Telecommunication Indicators Database,2023,Uganda,UGA,,,,9.286999702,,ITU estimate.,2026-02-02
11632,i271mw,Active mobile-broadband subscriptions,Value,ITU World Telecommunication Indicators Database,2023,Uganda,UGA,,,,15947043.0,"The introduction of affordable non expiry, expiry and fee data bundles.",Uganda Communications Commission,2024-10-17
11632,i271mw,Active mobile-broadband subscriptions,Value,ITU World Telecommunication Indicators Database,2023,Ukraine,UKR,,,,33447546.0,,Ministry of Digital Transformation of Ukraine,2024-10-16
11624,i99H,Internet users (%),% of individuals,ITU World Telecommunication Indicators Database,2023,Ukraine,UKR,,,,81.58059692,,ITU estimate.,2026-02-02
12047,xHH6_IDI,Estimated proportion of households with Internet access at home,% of households,ITU World Telecommunication Indicators Database,2023,Ukraine,UKR,,,,85.14086098,,ITU estimate.,2026-02-02
19257,i4213tfbb,Fixed-broadband subscriptions,Value,ITU World Telecommunication Indicators Database,2023,Ukraine,UKR,,,,8066305.0,,Ministry of Digital Transformation of Ukraine,2024-10-16
260,i61,Population,Value,ITU World Telecommunication Indicators Database,2023,Ukraine,UKR,,,,37732836.0,Including Crimea.,UN Population Division World Population Prospects 2024,2025-07-25
19306,i271GA,Percentage of the population covered by at least an LTE/WiMAX mobile network.,% of individuals,ITU World Telecommunication Indicators Database,2023,Ukraine,UKR,,,,91.0,,ITU estimate.,2025-01-23
19306,i271GA,Percentage of the population covered by at least an LTE/WiMAX mobile network.,% of individuals,ITU World Telecommunication Indicators Database,2023,United States,USA,,,,99.0,Share of Locations.  Source:  FCC Broadband Data Collection (Preliminary and Subject to Change). #,U.S. Federal Communications Commission,2025-05-01
11624,i99H,Internet users (%),% of individuals,ITU World Telecommunication Indicators Database,2023,United States,USA,,,,93.52559662,,ITU estimate.,2026-02-02
11632,i271mw,Active mobile-broadband subscriptions,Value,ITU World Telecommunication Indicators Database,2023,United States,USA,,,,634343000.0,Source:  Omdia (retrieved on 02/10/2025). #,U.S. Federal Communications Commission,2025-05-01
260,i61,Population,Value,ITU World Telecommunication Indicators Database,2023,United States,USA,,,,343477335.0,,UN Population Division World Population Prospects 2024,2024-07-17
12047,xHH6_IDI,Estimated proportion of households with Internet access at home,% of households,ITU World Telecommunication Indicators Database,2023,United States,USA,,,,94.77199755,,US Census Bureau,2026-02-02
19257,i4213tfbb,Fixed-broadband subscriptions,Value,ITU World Telecommunication Indicators Database,2023,United States,USA,,,,130844000.0,Source: FCC Form 477 (Preliminary and Subject to Change).,U.S. Federal Communications Commission,2025-05-01
12047,xHH6_IDI,Estimated proportion of households with Internet access at home,% of households,ITU World Telecommunication Indicators Database,2022,Afghanistan,AFG,,,,27.5920281,,ITU estimate.,2026-02-02
19257,i4213tfbb,Fixed-broadband subscriptions,Value,ITU World Telecommunication Indicators Database,2022,Afghanistan,AFG,,,,32313.0,,Afghanistan Telecommunication Regulatory Authority.,2024-04-15
260,i61,Population,Value,ITU World Telecommunication Indicators Database,2022,Afghanistan,AFG,,,,40578842.0,,UN Population Division World Population Prospects 2024,2024-07-17
19306,i271GA,Percentage of the population covered by at least an LTE/WiMAX mobile network.,% of individuals,ITU World Telecommunication Indicators Database,2022,Afghanistan,AFG,,,,33.03,,Afghanistan Telecommunication Regulatory Authority.,2024-04-15
11624,i99H,Internet users (%),% of individuals,ITU World Telecommunication Indicators Database,2022,Afghanistan,AFG,,,,15.86629963,,ITU estimate.,2026-02-02
11632,i271mw,Active mobile-broadband subscriptions,Value,ITU World Telecommunication Indicators Database,2022,Afghanistan,AFG,,,,22831896.0,,Afghanistan Telecommunication Regulatory Authority.,2024-04-15
11624,i99H,Internet users (%),% of individuals,ITU World Telecommunication Indicators Database,2022,Angola,AGO,,,,35.83800125,,ITU estimate.,2026-02-02
11632,i271mw,Active mobile-broadband subscriptions,Value,ITU World Telecommunication Indicators Database,2022,Angola,AGO,,,,9349591.0,"The value has increased because the fourth mobile operator (AFRICELL) is already in operation, i.e. the value already includes data from AFRICELL., One of three Operator did not report yet, for this reason this data will be updated",Angolan Institute of Communications,2024-10-16
19257,i4213tfbb,Fixed-broadband subscriptions,Value,ITU World Telecommunication Indicators Database,2022,Angola,AGO,,,,137800.0,,Angolan Institute of Communications,2024-10-16
260,i61,Population,Value,ITU World Telecommunication Indicators Database,2022,Angola,AGO,,,,35635029.0,,UN Population Division World Population Prospects 2024,2024-07-16
12047,xHH6_IDI,Estimated proportion of households with Internet access at home,% of households,ITU World Telecommunication Indicators Database,2022,Angola,AGO,,,,48.95077042,,ITU estimate.,2026-02-02
19306,i271GA,Percentage of the population covered by at least an LTE/WiMAX mobile network.,% of individuals,ITU World Telecommunication Indicators Database,2022,Angola,AGO,,,,75.15,,Angolan Institute of Communications,2025-07-11
19306,i271GA,Percentage of the population covered by at least an LTE/WiMAX mobile network.,% of individuals,ITU World Telecommunication Indicators Database,2022,Armenia,ARM,,,,100.0,,Ministry of High-Tech Industry of Armenia,2024-10-16
11624,i99H,Internet users (%),% of individuals,ITU World Telecommunication Indicators Database,2022,Armenia,ARM,,,,77.02767465,All ages.,The Statistical Committee of the Republic of Armenia,2026-02-02
11632,i271mw,Active mobile-broadband subscriptions,Value,ITU World Telecommunication Indicators Database,2022,Armenia,ARM,,,,2837387.0,,Ministry of High-Tech Industry of Armenia,2024-10-16
19257,i4213tfbb,Fixed-broadband subscriptions,Value,ITU World Telecommunication Indicators Database,2022,Armenia,ARM,,,,510781.0,,Ministry of High-Tech Industry of Armenia,2024-10-16
12047,xHH6_IDI,Estimated proportion of households with Internet access at home,% of households,ITU World Telecommunication Indicators Database,2022,Armenia,ARM,,,,89.72236711,,The Statistical Committee of the Republic of Armenia,2026-02-02
260,i61,Population,Value,ITU World Telecommunication Indicators Database,2022,Armenia,ARM,,,,2880874.0,,UN Population Division World Population Prospects 2024,2024-07-17
19257,i4213tfbb,Fixed-broadband subscriptions,Value,ITU World Telecommunication Indicators Database,2022,Burkina Faso,BFA,,,,48259.0,,ITU Research based on ARCEP,2025-10-30
260,i61,Population,Value,ITU World Telecommunication Indicators Database,2022,Burkina Faso,BFA,,,,22509038.0,,UN Population Division World Population Prospects 2024,2024-07-16
19306,i271GA,Percentage of the population covered by at least an LTE/WiMAX mobile network.,% of individuals,ITU World Telecommunication Indicators Database,2022,Burkina Faso,BFA,,,,39.39,,ITU estimate.,2024-02-09
11624,i99H,Internet users (%),% of individuals,ITU World Telecommunication Indicators Database,2022,Burkina Faso,BFA,,,,25.3987999,Aged 10 and older.,ITU estimate.,2026-02-02
11632,i271mw,Active mobile-broadband subscriptions,Value,ITU World Telecommunication Indicators Database,2022,Burkina Faso,BFA,,,,9233068.0,3G + 4G,ITU Research based on ARCEP,2025-10-30
11624,i99H,Internet users (%),% of individuals,ITU World Telecommunication Indicators Database,2022,Botswana,BWA,,,,57.9,,Statistics Botswana,2025-10-06
11632,i271mw,Active mobile-broadband subscriptions,Value,ITU World Telecommunication Indicators Database,2022,Botswana,BWA,,,,2844958.0,,Botswana Communications Regulatory Authority (BOCRA),2024-10-15
19257,i4213tfbb,Fixed-broadband subscriptions,Value,ITU World Telecommunication Indicators Database,2022,Botswana,BWA,,,,110574.0,,Botswana Communications Regulatory Authority (BOCRA),2024-10-15
260,i61,Population,Value,ITU World Telecommunication Indicators Database,2022,Botswana,BWA,,,,2439892.0,,UN Population Division World Population Prospects 2024,2024-07-16
12047,xHH6_IDI,Estimated proportion of households with Internet access at home,% of households,ITU World Telecommunication Indicators Database,2022,Botswana,BWA,,,,66.6851712,,ITU estimate.,2026-02-02
19306,i271GA,Percentage of the population covered by at least an LTE/WiMAX mobile network.,% of individuals,ITU World Telecommunication Indicators Database,2022,Botswana,BWA,,,,91.0,value for the largest operator,Botswana Communications Regulatory Authority (BOCRA),2024-10-15
19306,i271GA,Percentage of the population covered by at least an LTE/WiMAX mobile network.,% of individuals,ITU World Telecommunication Indicators Database,2022,Barbados,BRB,,,,99.0,,"MINISTRY OF INDUSTRY, INNOVATION, SCIENCE & TECHNOLOGY (MIST)",2023-06-29
11624,i99H,Internet users (%),% of individuals,ITU World Telecommunication Indicators Database,2022,Barbados,BRB,,,,69.06359863,,ITU estimate.,2026-02-02
11632,i271mw,Active mobile-broadband subscriptions,Value,ITU World Telecommunication Indicators Database,2022,Barbados,BRB,,,,182541.0,,"MINISTRY OF INDUSTRY, INNOVATION, SCIENCE & TECHNOLOGY (MIST)",2023-06-29
19257,i4213tfbb,Fixed-broadband subscriptions,Value,ITU World Telecommunication Indicators Database,2022,Barbados,BRB,,,,105825.0,,"MINISTRY OF INDUSTRY, INNOVATION, SCIENCE & TECHNOLOGY (MIST)",2023-06-29
260,i61,Population,Value,ITU World Telecommunication Indicators Database,2022,Barbados,BRB,,,,282318.0,,UN Population Division World Population Prospects 2024,2024-07-16
12047,xHH6_IDI,Estimated proportion of households with Internet access at home,% of households,ITU World Telecommunication Indicators Database,2022,Barbados,BRB,,,,74.62842787,,ITU estimate.,2026-02-02
19257,i4213tfbb,Fixed-broadband subscriptions,Value,ITU World Telecommunication Indicators Database,2022,Cambodia,KHM,,,,509830.0,,Telecommunication Regulator of Cambodia (TRC),2024-10-24
260,i61,Population,Value,ITU World Telecommunication Indicators Database,2022,Cambodia,KHM,,,,17201724.0,,UN Population Division World Population Prospects 2024,2024-07-17
12047,xHH6_IDI,Estimated proportion of households with Internet access at home,% of households,ITU World Telecommunication Indicators Database,2022,Cambodia,KHM,,,,67.83571014,,ITU estimate.,2026-02-02
19306,i271GA,Percentage of the population covered by at least an LTE/WiMAX mobile network.,% of individuals,ITU World Telecommunication Indicators Database,2022,Cambodia,KHM,,,,92.1,,Telecommunication Regulator of Cambodia (TRC),2024-10-24
11624,i99H,Internet users (%),% of individuals,ITU World Telecommunication Indicators Database,2022,Cambodia,KHM,,,,65.49079895,Aged 5 and older.,ITU estimate.,2026-02-02
11632,i271mw,Active mobile-broadband subscriptions,Value,ITU World Telecommunication Indicators Database,2022,Cambodia,KHM,,,,17098246.0,,Telecommunication Regulator of Cambodia (TRC),2024-10-24
11624,i99H,Internet users (%),% of individuals,ITU World Telecommunication Indicators Database,2022,Colombia,COL,,,,72.79637855,Aged 5 and older.,Departamento Administrativo Nacional de Estadistica (DANE),2026-02-02
11632,i271mw,Active mobile-broadband subscriptions,Value,ITU World Telecommunication Indicators Database,2022,Colombia,COL,,,,39512920.0,Source: Colombia TIC,Ministerio de Tecnologías de la Información y las Comunicaciones,2024-10-15
12047,xHH6_IDI,Estimated proportion of households with Internet access at home,% of households,ITU World Telecommunication Indicators Database,2022,Colombia,COL,,,,59.46557436,Data are based on population projection from the 2018 census.,Departamento Administrativo Nacional de Estadistica (DANE),2026-02-02
19257,i4213tfbb,Fixed-broadband subscriptions,Value,ITU World Telecommunication Indicators Database,2022,Colombia,COL,,,,8799313.0,Source: Colombia TIC,Ministerio de Tecnologías de la Información y las Comunicaciones,2024-10-15
260,i61,Population,Value,ITU World Telecommunication Indicators Database,2022,Colombia,COL,,,,51737944.0,,UN Population Division World Population Prospects 2024,2024-07-17
19306,i271GA,Percentage of the population covered by at least an LTE/WiMAX mobile network.,% of individuals,ITU World Telecommunication Indicators Database,2022,Colombia,COL,,,,99.8,"Source: Colombia TIC, Se infiere toda la población de los municipios a las cabeceras municipales de acuerdo a la desagraciacion poblacional provista por la Entidad Estadística Nacional",Ministerio de Tecnologías de la Información y las Comunicaciones,2024-10-15
19306,i271GA,Percentage of the population covered by at least an LTE/WiMAX mobile network.,% of individuals,ITU World Telecommunication Indicators Database,2022,Spain,ESP,,,,99.7,,Comisión Nacional de los Mercados y la Competencia,2024-10-11
11624,i99H,Internet users (%),% of individuals,ITU World Telecommunication Indicators Database,2022,Spain,ESP,,,,94.4855432,Aged 16-74.,Instituto Nacional de Estadistica,2026-02-02
11632,i271mw,Active mobile-broadband subscriptions,Value,ITU World Telecommunication Indicators Database,2022,Spain,ESP,,,,52700116.0,,Comisión Nacional de los Mercados y la Competencia,2024-10-11
260,i61,Population,Value,ITU World Telecommunication Indicators Database,2022,Spain,ESP,,,,47828382.0,,UN Population Division World Population Prospects 2024,2024-07-16
19257,i4213tfbb,Fixed-broadband subscriptions,Value,ITU World Telecommunication Indicators Database,2022,Spain,ESP,,,,17115215.0,The figure has been updated,Comisión Nacional de los Mercados y la Competencia,2024-10-11
12047,xHH6_IDI,Estimated proportion of households with Internet access at home,% of households,ITU World Telecommunication Indicators Database,2022,Spain,ESP,,,,96.08471003,,Instituto Nacional de Estadistica,2026-02-02
260,i61,Population,Value,ITU World Telecommunication Indicators Database,2022,Ethiopia,ETH,,,,125384287.0,,UN Population Division World Population Prospects 2024,2024-07-16
12047,xHH6_IDI,Estimated proportion of households with Internet access at home,% of households,ITU World Telecommunication Indicators Database,2022,Ethiopia,ETH,,,,22.90522132,,ITU estimate.,2026-02-02
19257,i4213tfbb,Fixed-broadband subscriptions,Value,ITU World Telecommunication Indicators Database,2022,Ethiopia,ETH,,,,566206.0,,Ethiopian Communications Authority,2023-12-06
19306,i271GA,Percentage of the population covered by at least an LTE/WiMAX mobile network.,% of individuals,ITU World Telecommunication Indicators Database,2022,Ethiopia,ETH,,,,33.0,,Ethiopian Communications Authority,2023-12-06
11632,i271mw,Active mobile-broadband subscriptions,Value,ITU World Telecommunication Indicators Database,2022,Ethiopia,ETH,,,,33200000.0,,Ethiopian Communications Authority,2023-12-06
11624,i99H,Internet users (%),% of individuals,ITU World Telecommunication Indicators Database,2022,Ethiopia,ETH,,,,17.9836998,Aged 10 and older.,ITU estimate.,2026-02-02
11624,i99H,Internet users (%),% of individuals,ITU World Telecommunication Indicators Database,2022,Honduras,HND,,,,56.88069916,Aged 5 and older.,ITU estimate.,2026-02-02
11632,i271mw,Active mobile-broadband subscriptions,Value,ITU World Telecommunication Indicators Database,2022,Honduras,HND,,,,5193671.0,,Comisión Nacional de Telecomunicaciones (CONATEL),2024-10-16
19257,i4213tfbb,Fixed-broadband subscriptions,Value,ITU World Telecommunication Indicators Database,2022,Honduras,HND,,,,461436.0,,Comisión Nacional de Telecomunicaciones (CONATEL),2024-10-16
260,i61,Population,Value,ITU World Telecommunication Indicators Database,2022,Honduras,HND,,,,10463872.0,,UN Population Division World Population Prospects 2024,2024-07-16
12047,xHH6_IDI,Estimated proportion of households with Internet access at home,% of households,ITU World Telecommunication Indicators Database,2022,Honduras,HND,,,,49.17513925,,ITU estimate.,2026-02-02
19306,i271GA,Percentage of the population covered by at least an LTE/WiMAX mobile network.,% of individuals,ITU World Telecommunication Indicators Database,2022,Honduras,HND,,,,86.2,Estimación realizada en base a las poblaciones cubiertas según mapas de cobertura.,Comisión Nacional de Telecomunicaciones (CONATEL),2024-10-16
19306,i271GA,Percentage of the population covered by at least an LTE/WiMAX mobile network.,% of individuals,ITU World Telecommunication Indicators Database,2022,India,IND,,,,98.67,As in December 2022,Department of Telecommunications,2024-11-08
11624,i99H,Internet users (%),% of individuals,ITU World Telecommunication Indicators Database,2022,India,IND,,,,55.9,,Ministry of Statistics and Programme Implementation,2025-02-04
11632,i271mw,Active mobile-broadband subscriptions,Value,ITU World Telecommunication Indicators Database,2022,India,IND,,,,798690000.0,As in December 2022,Department of Telecommunications,2024-11-08
260,i61,Population,Value,ITU World Telecommunication Indicators Database,2022,India,IND,,,,1425423212.0,,UN Population Division World Population Prospects 2024,2024-07-17
19257,i4213tfbb,Fixed-broadband subscriptions,Value,ITU World Telecommunication Indicators Database,2022,India,IND,,,,33530452.0,As in December 2022,Department of Telecommunications,2024-11-08
12047,xHH6_IDI,Estimated proportion of households with Internet access at home,% of households,ITU World Telecommunication Indicators Database,2022,India,IND,,,,76.3,Access to broadband internet facility within the household premises,Ministry of Statistics and Programme Implementation,2025-02-04
12047,xHH6_IDI,Estimated proportion of households with Internet access at home,% of households,ITU World Telecommunication Indicators Database,2022,Indonesia,IDN,,,,86.53527761,,BPS-Statistics Indonesia,2026-02-02
260,i61,Population,Value,ITU World Telecommunication Indicators Database,2022,Indonesia,IDN,,,,278830529.0,,UN Population Division World Population Prospects 2024,2024-07-17
19257,i4213tfbb,Fixed-broadband subscriptions,Value,ITU World Telecommunication Indicators Database,2022,Indonesia,IDN,,,,13443856.0,,Ministry of Communications and Informatics,2024-10-15
19306,i271GA,Percentage of the population covered by at least an LTE/WiMAX mobile network.,% of individuals,ITU World Telecommunication Indicators Database,2022,Indonesia,IDN,,,,96.48,,Ministry of Communications and Informatics,2024-10-15
11632,i271mw,Active mobile-broadband subscriptions,Value,ITU World Telecommunication Indicators Database,2022,Indonesia,IDN,,,,320901313.0,,Ministry of Communications and Informatics,2024-10-15
11624,i99H,Internet users (%),% of individuals,ITU World Telecommunication Indicators Database,2022,Indonesia,IDN,,,,66.48461277,All ages.,BPS-Statistics Indonesia,2026-02-02
11632,i271mw,Active mobile-broadband subscriptions,Value,ITU World Telecommunication Indicators Database,2022,Iraq,IRQ,,,,20548838.0,,Communications and Media Commission,2024-11-10
11624,i99H,Internet users (%),% of individuals,ITU World Telecommunication Indicators Database,2022,Iraq,IRQ,,,,78.71561135,Aged 5-65.,Central Organization for Statistics And Information Technology,2026-07-08
260,i61,Population,Value,ITU World Telecommunication Indicators Database,2022,Iraq,IRQ,,,,44070551.0,,UN Population Division World Population Prospects 2024,2024-07-17
19257,i4213tfbb,Fixed-broadband subscriptions,Value,ITU World Telecommunication Indicators Database,2022,Iraq,IRQ,,,,6386394.0,,Communications and Media Commission,2024-11-10
12047,xHH6_IDI,Estimated proportion of households with Internet access at home,% of households,ITU World Telecommunication Indicators Database,2022,Iraq,IRQ,,,,88.75133498,,Authority of Statistics and Geographic Information Systems,2026-07-08
19306,i271GA,Percentage of the population covered by at least an LTE/WiMAX mobile network.,% of individuals,ITU World Telecommunication Indicators Database,2022,Iraq,IRQ,,,,96.57,96.57%,Communications and Media Commission,2024-11-10
19306,i271GA,Percentage of the population covered by at least an LTE/WiMAX mobile network.,% of individuals,ITU World Telecommunication Indicators Database,2022,Israel,ISR,,,,97.0,ITU estimate.,ITU estimate.,2024-11-12
11624,i99H,Internet users (%),% of individuals,ITU World Telecommunication Indicators Database,2022,Israel,ISR,,,,91.85079615,Aged 20 and older. Using the internet via computer or mobile cellular phone,Central Bureau of Statistics,2026-02-02
11632,i271mw,Active mobile-broadband subscriptions,Value,ITU World Telecommunication Indicators Database,2022,Israel,ISR,,,,11511651.0,ITU estimate.,ITU estimate.,2024-11-12
12047,xHH6_IDI,Estimated proportion of households with Internet access at home,% of households,ITU World Telecommunication Indicators Database,2022,Israel,ISR,,,,86.24455693,,Central Bureau of Statistics,2026-02-02
19257,i4213tfbb,Fixed-broadband subscriptions,Value,ITU World Telecommunication Indicators Database,2022,Israel,ISR,,,,2655177.0,,Ministry of Communications,2024-11-12
260,i61,Population,Value,ITU World Telecommunication Indicators Database,2022,Israel,ISR,,,,9103151.0,,UN Population Division World Population Prospects 2024,2024-07-17
19257,i4213tfbb,Fixed-broadband subscriptions,Value,ITU World Telecommunication Indicators Database,2022,Japan,JPN,,,,46050884.0,Total does not equal the sum of subscriptions by speed since it included subscriptions with unknown speed.,Ministry of Internal Affairs and Communications,2024-10-02
12047,xHH6_IDI,Estimated proportion of households with Internet access at home,% of households,ITU World Telecommunication Indicators Database,2022,Japan,JPN,,,,89.5488179,,Ministry of Internal Affairs and Communications,2026-02-02
260,i61,Population,Value,ITU World Telecommunication Indicators Database,2022,Japan,JPN,,,,124997578.0,,UN Population Division World Population Prospects 2024,2024-07-17
19306,i271GA,Percentage of the population covered by at least an LTE/WiMAX mobile network.,% of individuals,ITU World Telecommunication Indicators Database,2022,Japan,JPN,,,,96.6,We have no data.,Ministry of Internal Affairs and Communications,2024-10-02
11624,i99H,Internet users (%),% of individuals,ITU World Telecommunication Indicators Database,2022,Japan,JPN,,,,84.92343147,Aged 6 and older. In the last 12 months,Ministry of Internal Affairs and Communications,2026-02-02
11632,i271mw,Active mobile-broadband subscriptions,Value,ITU World Telecommunication Indicators Database,2022,Japan,JPN,,,,290534360.0,"BWA: 82,938,105#5G:63,155,000#LTE:130,047,505#3G(including PHS):14,393,750#As of Dec.2022",Ministry of Internal Affairs and Communications,2024-10-02
11632,i271mw,Active mobile-broadband subscriptions,Value,ITU World Telecommunication Indicators Database,2022,Jamaica,JAM,,,,1884960.0,,Office of Utilities Regulation,2024-11-01
11624,i99H,Internet users (%),% of individuals,ITU World Telecommunication Indicators Database,2022,Jamaica,JAM,,,,85.84329987,All ages.,ITU estimate.,2026-02-02
260,i61,Population,Value,ITU World Telecommunication Indicators Database,2022,Jamaica,JAM,,,,2839144.0,,UN Population Division World Population Prospects 2024,2024-07-16
19257,i4213tfbb,Fixed-broadband subscriptions,Value,ITU World Telecommunication Indicators Database,2022,Jamaica,JAM,,,,424741.0,,Office of Utilities Regulation,2024-11-01
12047,xHH6_IDI,Estimated proportion of households with Internet access at home,% of households,ITU World Telecommunication Indicators Database,2022,Jamaica,JAM,,,,80.74309967,,ITU estimate.,2026-02-02
19306,i271GA,Percentage of the population covered by at least an LTE/WiMAX mobile network.,% of individuals,ITU World Telecommunication Indicators Database,2022,Jamaica,JAM,,,,99.0,,Office of Utilities Regulation,2024-11-01
19306,i271GA,Percentage of the population covered by at least an LTE/WiMAX mobile network.,% of individuals,ITU World Telecommunication Indicators Database,2022,Kenya,KEN,,,,97.0,,Communications Authority  of Kenya,2024-10-16
11624,i99H,Internet users (%),% of individuals,ITU World Telecommunication Indicators Database,2022,Kenya,KEN,,,,29.40589905,Aged 3 and older.,ITU estimate.,2026-02-02
11632,i271mw,Active mobile-broadband subscriptions,Value,ITU World Telecommunication Indicators Database,2022,Kenya,KEN,,,,31888468.0,Numbers increased due to increased number of special offers and promotions on mobile data services.,Communications Authority  of Kenya,2024-10-16
260,i61,Population,Value,ITU World Telecommunication Indicators Database,2022,Kenya,KEN,,,,54252461.0,,UN Population Division World Population Prospects 2024,2024-07-16
19257,i4213tfbb,Fixed-broadband subscriptions,Value,ITU World Telecommunication Indicators Database,2022,Kenya,KEN,,,,801021.0,2022 value reviewed,Communications Authority  of Kenya,2024-10-16
12047,xHH6_IDI,Estimated proportion of households with Internet access at home,% of households,ITU World Telecommunication Indicators Database,2022,Kenya,KEN,,,,42.30636368,,ITU estimate.,2026-02-02
260,i61,Population,Value,ITU World Telecommunication Indicators Database,2022,Madagascar,MDG,,,,30437261.0,,UN Population Division World Population Prospects 2024,2024-07-16
19257,i4213tfbb,Fixed-broadband subscriptions,Value,ITU World Telecommunication Indicators Database,2022,Madagascar,MDG,,,,32717.0,,Autorité de Régulation des Technologies de Communication,2024-10-16
12047,xHH6_IDI,Estimated proportion of households with Internet access at home,% of households,ITU World Telecommunication Indicators Database,2022,Madagascar,MDG,,,,21.50547853,,ITU estimate.,2026-02-02
19306,i271GA,Percentage of the population covered by at least an LTE/WiMAX mobile network.,% of individuals,ITU World Telecommunication Indicators Database,2022,Madagascar,MDG,,,,27.32,,Autorité de Régulation des Technologies de Communication,2024-10-16
11632,i271mw,Active mobile-broadband subscriptions,Value,ITU World Telecommunication Indicators Database,2022,Madagascar,MDG,,,,7131226.0,,Autorité de Régulation des Technologies de Communication,2024-10-16
11624,i99H,Internet users (%),% of individuals,ITU World Telecommunication Indicators Database,2022,Madagascar,MDG,,,,17.81170082,,ITU estimate.,2026-02-02
11632,i271mw,Active mobile-broadband subscriptions,Value,ITU World Telecommunication Indicators Database,2022,Morocco,MAR,,,,33204000.0,,Agence Nationale de Réglementation des Télécommunications,2024-10-21
11624,i99H,Internet users (%),% of individuals,ITU World Telecommunication Indicators Database,2022,Morocco,MAR,,,,89.9,Aged 5 and older.,Agence Nationale de Réglementation des Télécommunications,2024-12-09
260,i61,Population,Value,ITU World Telecommunication Indicators Database,2022,Morocco,MAR,,,,37329064.0,,UN Population Division World Population Prospects 2024,2024-07-16
19257,i4213tfbb,Fixed-broadband subscriptions,Value,ITU World Telecommunication Indicators Database,2022,Morocco,MAR,,,,2415751.0,,Agence Nationale de Réglementation des Télécommunications,2024-10-21
12047,xHH6_IDI,Estimated proportion of households with Internet access at home,% of households,ITU World Telecommunication Indicators Database,2022,Morocco,MAR,,,,87.4,,Agence Nationale de Réglementation des Télécommunications,2024-12-18
19306,i271GA,Percentage of the population covered by at least an LTE/WiMAX mobile network.,% of individuals,ITU World Telecommunication Indicators Database,2022,Morocco,MAR,,,,99.4,,Agence Nationale de Réglementation des Télécommunications,2024-10-21
19306,i271GA,Percentage of the population covered by at least an LTE/WiMAX mobile network.,% of individuals,ITU World Telecommunication Indicators Database,2022,Papua New Guinea,PNG,,,,55.91,,ITU estimate.,2024-02-09
11624,i99H,Internet users (%),% of individuals,ITU World Telecommunication Indicators Database,2022,Papua New Guinea,PNG,,,,18.25659943,,ITU estimate.,2026-02-02
11632,i271mw,Active mobile-broadband subscriptions,Value,ITU World Telecommunication Indicators Database,2022,Papua New Guinea,PNG,,,,2000000.0,,ITU estimate.,2025-02-03
12047,xHH6_IDI,Estimated proportion of households with Internet access at home,% of households,ITU World Telecommunication Indicators Database,2022,Papua New Guinea,PNG,,,,27.6532693,,ITU estimate.,2026-02-02
19257,i4213tfbb,Fixed-broadband subscriptions,Value,ITU World Telecommunication Indicators Database,2022,Papua New Guinea,PNG,,,,21900.0,,,2024-02-01
260,i61,Population,Value,ITU World Telecommunication Indicators Database,2022,Papua New Guinea,PNG,,,,10203169.0,,UN Population Division World Population Prospects 2024,2024-07-17
12047,xHH6_IDI,Estimated proportion of households with Internet access at home,% of households,ITU World Telecommunication Indicators Database,2022,Rwanda,RWA,,,,39.26002687,,ITU estimate.,2026-02-02
19257,i4213tfbb,Fixed-broadband subscriptions,Value,ITU World Telecommunication Indicators Database,2022,Rwanda,RWA,,,,47772.0,The increase of fixed-broadband subscriptions in the year 2022 was due to the connection of more households at the rate of 60.4% compared to the previous year. Other type of customers were increase by 26.4%.,Rwanda Utilities Regulatory Authority (RURA),2024-10-16
260,i61,Population,Value,ITU World Telecommunication Indicators Database,2022,Rwanda,RWA,,,,13651030.0,,UN Population Division World Population Prospects 2024,2024-07-16
19306,i271GA,Percentage of the population covered by at least an LTE/WiMAX mobile network.,% of individuals,ITU World Telecommunication Indicators Database,2022,Rwanda,RWA,,,,98.76,,Rwanda Utilities Regulatory Authority (RURA),2024-10-16
11632,i271mw,Active mobile-broadband subscriptions,Value,ITU World Telecommunication Indicators Database,2022,Rwanda,RWA,,,,8279430.0,i271mw,Rwanda Utilities Regulatory Authority (RURA),2024-10-16
11624,i99H,Internet users (%),% of individuals,ITU World Telecommunication Indicators Database,2022,Rwanda,RWA,,,,28.01679993,,ITU estimate.,2026-02-02
19306,i271GA,Percentage of the population covered by at least an LTE/WiMAX mobile network.,% of individuals,ITU World Telecommunication Indicators Database,2022,Uganda,UGA,,,,31.0,,Uganda Communications Commission,2024-10-17
11632,i271mw,Active mobile-broadband subscriptions,Value,ITU World Telecommunication Indicators Database,2022,Uganda,UGA,,,,25680460.0,The mobile broadband space has seen a rise in mobile packages such as non expiry data packages.,Uganda Communications Commission,2024-10-17
11624,i99H,Internet users (%),% of individuals,ITU World Telecommunication Indicators Database,2022,Uganda,UGA,,,,9.636899948,,ITU estimate.,2026-02-02
19257,i4213tfbb,Fixed-broadband subscriptions,Value,ITU World Telecommunication Indicators Database,2022,Uganda,UGA,,,,40256.0,The industry has grown towards the adoption of fiber to the home packages as we have had more players coming into the market.,Uganda Communications Commission,2023-12-05
12047,xHH6_IDI,Estimated proportion of households with Internet access at home,% of households,ITU World Telecommunication Indicators Database,2022,Uganda,UGA,,,,30.43724577,,ITU estimate.,2026-02-02
260,i61,Population,Value,ITU World Telecommunication Indicators Database,2022,Uganda,UGA,,,,47312719.0,,UN Population Division World Population Prospects 2024,2024-07-16
19257,i4213tfbb,Fixed-broadband subscriptions,Value,ITU World Telecommunication Indicators Database,2022,Ukraine,UKR,,,,7190920.0,The decrease in the indicator compared to the previous year is due to the processes taking place in the country as a result of the military aggression of the Russian Federation against Ukraine.,Ministry of Digital Transformation of Ukraine,2024-10-16
260,i61,Population,Value,ITU World Telecommunication Indicators Database,2022,Ukraine,UKR,,,,40997698.0,"Excluding the temporarily occupied territories of the Autonomous Republic of Crimea, and the city of Sevastopol.",State Statistics Service of Ukraine,2024-06-25
12047,xHH6_IDI,Estimated proportion of households with Internet access at home,% of households,ITU World Telecommunication Indicators Database,2022,Ukraine,UKR,,,,83.98628833,,ITU estimate.,2026-02-02
19306,i271GA,Percentage of the population covered by at least an LTE/WiMAX mobile network.,% of individuals,ITU World Telecommunication Indicators Database,2022,Ukraine,UKR,,,,91.0,,Ministry of Digital Transformation of Ukraine,2024-10-16
11632,i271mw,Active mobile-broadband subscriptions,Value,ITU World Telecommunication Indicators Database,2022,Ukraine,UKR,,,,31745494.0,The decrease in the indicator compared to the previous year is due to the processes taking place in the country as a result of the military aggression of the Russian Federation against Ukraine.,Ministry of Digital Transformation of Ukraine,2024-10-16
11624,i99H,Internet users (%),% of individuals,ITU World Telecommunication Indicators Database,2022,Ukraine,UKR,,,,80.47429657,,ITU estimate.,2026-02-02
11624,i99H,Internet users (%),% of individuals,ITU World Telecommunication Indicators Database,2022,United States,USA,,,,92.72850037,Aged 15 and older.,Gallup World Poll.,2026-02-02
11632,i271mw,Active mobile-broadband subscriptions,Value,ITU World Telecommunication Indicators Database,2022,United States,USA,,,,593197000.0,Source: Omdia.,U.S. Federal Communications Commission,2024-10-15
19257,i4213tfbb,Fixed-broadband subscriptions,Value,ITU World Telecommunication Indicators Database,2022,United States,USA,,,,128037000.0,Source: FCC Form 477 (Preliminary and Subject to Change).,U.S. Federal Communications Commission,2024-10-15
12047,xHH6_IDI,Estimated proportion of households with Internet access at home,% of households,ITU World Telecommunication Indicators Database,2022,United States,USA,,,,92.66271405,,ITU estimate.,2026-02-02
260,i61,Population,Value,ITU World Telecommunication Indicators Database,2022,United States,USA,,,,341534046.0,,UN Population Division World Population Prospects 2024,2024-07-17
19306,i271GA,Percentage of the population covered by at least an LTE/WiMAX mobile network.,% of individuals,ITU World Telecommunication Indicators Database,2022,United States,USA,,,,99.5,Source: FCC Broadband Data Collection.,U.S. Federal Communications Commission,2024-10-15
19306,i271GA,Percentage of the population covered by at least an LTE/WiMAX mobile network.,% of individuals,ITU World Telecommunication Indicators Database,2021,Afghanistan,AFG,,,,26.0,,Afghanistan Telecommunication Regulatory Authority.,2024-04-15
11624,i99H,Internet users (%),% of individuals,ITU World Telecommunication Indicators Database,2021,Afghanistan,AFG,,,,16.51429939,,ITU estimate.,2025-12-11
11632,i271mw,Active mobile-broadband subscriptions,Value,ITU World Telecommunication Indicators Database,2021,Afghanistan,AFG,,,,7422550.0,,Afghanistan Telecommunication Regulatory Authority.,2024-04-15
260,i61,Population,Value,ITU World Telecommunication Indicators Database,2021,Afghanistan,AFG,,,,40000412.0,,UN Population Division World Population Prospects 2024,2024-07-17
12047,xHH6_IDI,Estimated proportion of households with Internet access at home,% of households,ITU World Telecommunication Indicators Database,2021,Afghanistan,AFG,,,,24.28890269,,ITU estimate.,2026-02-02
19257,i4213tfbb,Fixed-broadband subscriptions,Value,ITU World Telecommunication Indicators Database,2021,Afghanistan,AFG,,,,26570.0,,Afghanistan Telecommunication Regulatory Authority.,2024-04-15
260,i61,Population,Value,ITU World Telecommunication Indicators Database,2021,Angola,AGO,,,,34532429.0,,UN Population Division World Population Prospects 2024,2024-07-16
12047,xHH6_IDI,Estimated proportion of households with Internet access at home,% of households,ITU World Telecommunication Indicators Database,2021,Angola,AGO,,,,42.58500359,,ITU estimate.,2026-02-02
19257,i4213tfbb,Fixed-broadband subscriptions,Value,ITU World Telecommunication Indicators Database,2021,Angola,AGO,,,,134996.0,,Angolan Institute of Communications,2024-04-26
19306,i271GA,Percentage of the population covered by at least an LTE/WiMAX mobile network.,% of individuals,ITU World Telecommunication Indicators Database,2021,Angola,AGO,,,,73.87,,Angolan Institute of Communications,2025-07-11
11624,i99H,Internet users (%),% of individuals,ITU World Telecommunication Indicators Database,2021,Angola,AGO,,,,34.55649948,,ITU estimate.,2025-12-11
11632,i271mw,Active mobile-broadband subscriptions,Value,ITU World Telecommunication Indicators Database,2021,Angola,AGO,,,,7325997.0,,Angolan Institute of Communications,2024-04-26
11624,i99H,Internet users (%),% of individuals,ITU World Telecommunication Indicators Database,2021,Armenia,ARM,,,,78.61225758,All ages.,The Statistical Committee of the Republic of Armenia,2026-02-02
11632,i271mw,Active mobile-broadband subscriptions,Value,ITU World Telecommunication Indicators Database,2021,Armenia,ARM,,,,2527260.0,,Ministry of High-Tech Industry of Armenia,2024-04-26
12047,xHH6_IDI,Estimated proportion of households with Internet access at home,% of households,ITU World Telecommunication Indicators Database,2021,Armenia,ARM,,,,90.08647786,,The Statistical Committee of the Republic of Armenia,2026-02-02
260,i61,Population,Value,ITU World Telecommunication Indicators Database,2021,Armenia,ARM,,,,2870349.0,,UN Population Division World Population Prospects 2024,2024-07-17
19257,i4213tfbb,Fixed-broadband subscriptions,Value,ITU World Telecommunication Indicators Database,2021,Armenia,ARM,,,,466621.0,,Ministry of High-Tech Industry of Armenia,2024-04-26
19306,i271GA,Percentage of the population covered by at least an LTE/WiMAX mobile network.,% of individuals,ITU World Telecommunication Indicators Database,2021,Armenia,ARM,,,,100.0,,Ministry of High-Tech Industry of Armenia,2024-04-26
19306,i271GA,Percentage of the population covered by at least an LTE/WiMAX mobile network.,% of individuals,ITU World Telecommunication Indicators Database,2021,Burkina Faso,BFA,,,,36.6,,ARCEP,2022-03-20
11632,i271mw,Active mobile-broadband subscriptions,Value,ITU World Telecommunication Indicators Database,2021,Burkina Faso,BFA,,,,7927034.0,Refers to 3G and 4G subscriptions.,ITU Research based on ARCEP,2025-10-30
11624,i99H,Internet users (%),% of individuals,ITU World Telecommunication Indicators Database,2021,Burkina Faso,BFA,,,,14.00860619,Aged 10 and older.,ITU estimate.,2026-07-08
19257,i4213tfbb,Fixed-broadband subscriptions,Value,ITU World Telecommunication Indicators Database,2021,Burkina Faso,BFA,,,,16291.0,,ARCEP,2022-03-20
12047,xHH6_IDI,Estimated proportion of households with Internet access at home,% of households,ITU World Telecommunication Indicators Database,2021,Burkina Faso,BFA,,,,11.12825371,,ITU estimate.,2026-02-02
260,i61,Population,Value,ITU World Telecommunication Indicators Database,2021,Burkina Faso,BFA,,,,21995243.0,,UN Population Division World Population Prospects 2024,2024-07-16
260,i61,Population,Value,ITU World Telecommunication Indicators Database,2021,Botswana,BWA,,,,2401441.0,,UN Population Division World Population Prospects 2024,2024-07-16
12047,xHH6_IDI,Estimated proportion of households with Internet access at home,% of households,ITU World Telecommunication Indicators Database,2021,Botswana,BWA,,,,74.08563617,,ITU estimate.,2026-02-02
19257,i4213tfbb,Fixed-broadband subscriptions,Value,ITU World Telecommunication Indicators Database,2021,Botswana,BWA,,,,133241.0,,Botswana Communications Regulatory Authority (BOCRA),2024-04-26
19306,i271GA,Percentage of the population covered by at least an LTE/WiMAX mobile network.,% of individuals,ITU World Telecommunication Indicators Database,2021,Botswana,BWA,,,,88.0,value for the largest operator,Botswana Communications Regulatory Authority (BOCRA),2024-04-26
11632,i271mw,Active mobile-broadband subscriptions,Value,ITU World Telecommunication Indicators Database,2021,Botswana,BWA,,,,2431822.0,,Botswana Communications Regulatory Authority (BOCRA),2024-04-26
11624,i99H,Internet users (%),% of individuals,ITU World Telecommunication Indicators Database,2021,Botswana,BWA,,,,54.70069885,,ITU estimate.,2025-12-11
11624,i99H,Internet users (%),% of individuals,ITU World Telecommunication Indicators Database,2021,Barbados,BRB,,,,69.4756012,,ITU estimate.,2025-12-11
11632,i271mw,Active mobile-broadband subscriptions,Value,ITU World Telecommunication Indicators Database,2021,Barbados,BRB,,,,189514.0,,"MINISTRY OF INDUSTRY, INNOVATION, SCIENCE & TECHNOLOGY (MIST)",2023-06-29
12047,xHH6_IDI,Estimated proportion of households with Internet access at home,% of households,ITU World Telecommunication Indicators Database,2021,Barbados,BRB,,,,80.90627819,,ITU estimate.,2026-02-02
260,i61,Population,Value,ITU World Telecommunication Indicators Database,2021,Barbados,BRB,,,,282147.0,,UN Population Division World Population Prospects 2024,2024-07-16
19257,i4213tfbb,Fixed-broadband subscriptions,Value,ITU World Telecommunication Indicators Database,2021,Barbados,BRB,,,,102564.0,,"MINISTRY OF INDUSTRY, INNOVATION, SCIENCE & TECHNOLOGY (MIST)",2023-06-29
19306,i271GA,Percentage of the population covered by at least an LTE/WiMAX mobile network.,% of individuals,ITU World Telecommunication Indicators Database,2021,Barbados,BRB,,,,99.0,,"MINISTRY OF INDUSTRY, INNOVATION, SCIENCE & TECHNOLOGY (MIST)",2023-06-29
19306,i271GA,Percentage of the population covered by at least an LTE/WiMAX mobile network.,% of individuals,ITU World Telecommunication Indicators Database,2021,Cambodia,KHM,,,,92.1,"data was changed, as verified again.",Telecommunication Regulator of Cambodia (TRC),2023-12-05
11632,i271mw,Active mobile-broadband subscriptions,Value,ITU World Telecommunication Indicators Database,2021,Cambodia,KHM,,,,17535930.0,,Telecommunication Regulator of Cambodia (TRC),2023-12-05
11624,i99H,Internet users (%),% of individuals,ITU World Telecommunication Indicators Database,2021,Cambodia,KHM,,,,60.76269913,Aged 5 and older.,ITU estimate.,2025-12-11
260,i61,Population,Value,ITU World Telecommunication Indicators Database,2021,Cambodia,KHM,,,,16974305.0,,UN Population Division World Population Prospects 2024,2024-07-17
12047,xHH6_IDI,Estimated proportion of households with Internet access at home,% of households,ITU World Telecommunication Indicators Database,2021,Cambodia,KHM,,,,61.01670341,,ITU estimate.,2026-02-02
19257,i4213tfbb,Fixed-broadband subscriptions,Value,ITU World Telecommunication Indicators Database,2021,Cambodia,KHM,,,,336243.0,,Telecommunication Regulator of Cambodia (TRC),2023-12-05
260,i61,Population,Value,ITU World Telecommunication Indicators Database,2021,Colombia,COL,,,,51188173.0,,UN Population Division World Population Prospects 2024,2024-07-17
19257,i4213tfbb,Fixed-broadband subscriptions,Value,ITU World Telecommunication Indicators Database,2021,Colombia,COL,,,,8434168.0,Source: Colombia TIC,Ministerio de Tecnologías de la Información y las Comunicaciones,2024-04-26
12047,xHH6_IDI,Estimated proportion of households with Internet access at home,% of households,ITU World Telecommunication Indicators Database,2021,Colombia,COL,,,,60.54722553,Data are based on population projection from the 2018 census.,Departamento Administrativo Nacional de Estadistica (DANE),2026-02-02
19306,i271GA,Percentage of the population covered by at least an LTE/WiMAX mobile network.,% of individuals,ITU World Telecommunication Indicators Database,2021,Colombia,COL,,,,99.5,"Source: Colombia TIC, Se infiere toda la población de los municipios a las cabeceras municipales de acuerdo a la desagraciacion poblacional provista por la Entidad Estadística Nacional",Ministerio de Tecnologías de la Información y las Comunicaciones,2024-04-26
11624,i99H,Internet users (%),% of individuals,ITU World Telecommunication Indicators Database,2021,Colombia,COL,,,,73.02837449,Aged 5 and older.,Departamento Administrativo Nacional de Estadistica (DANE),2026-02-02
11632,i271mw,Active mobile-broadband subscriptions,Value,ITU World Telecommunication Indicators Database,2021,Colombia,COL,,,,36767041.0,Source: Colombia TIC,Ministerio de Tecnologías de la Información y las Comunicaciones,2024-04-26
11624,i99H,Internet users (%),% of individuals,ITU World Telecommunication Indicators Database,2021,Spain,ESP,,,,93.89752157,Aged 16-74. Last 3 months#Individuals between 16 and 74 years old,Instituto Nacional de Estadistica,2026-02-02
11632,i271mw,Active mobile-broadband subscriptions,Value,ITU World Telecommunication Indicators Database,2021,Spain,ESP,,,,50935888.0,,Comisión Nacional de los Mercados y la Competencia,2024-04-22
260,i61,Population,Value,ITU World Telecommunication Indicators Database,2021,Spain,ESP,,,,47735664.0,,UN Population Division World Population Prospects 2024,2024-07-16
12047,xHH6_IDI,Estimated proportion of households with Internet access at home,% of households,ITU World Telecommunication Indicators Database,2021,Spain,ESP,,,,95.91836698,HHs with at least one member aged 16 to 74,Instituto Nacional de Estadistica,2026-02-02
19257,i4213tfbb,Fixed-broadband subscriptions,Value,ITU World Telecommunication Indicators Database,2021,Spain,ESP,,,,16674183.0,,Comisión Nacional de los Mercados y la Competencia,2024-04-22
19306,i271GA,Percentage of the population covered by at least an LTE/WiMAX mobile network.,% of individuals,ITU World Telecommunication Indicators Database,2021,Spain,ESP,,,,99.6,,Comisión Nacional de los Mercados y la Competencia,2024-04-22
19306,i271GA,Percentage of the population covered by at least an LTE/WiMAX mobile network.,% of individuals,ITU World Telecommunication Indicators Database,2021,Ethiopia,ETH,,,,10.0,,Ethiopian Communications Authority,2023-12-05
11632,i271mw,Active mobile-broadband subscriptions,Value,ITU World Telecommunication Indicators Database,2021,Ethiopia,ETH,,,,26100000.0,Source: Ethio Telecom,Ethiopian Communications Authority,2023-12-05
11624,i99H,Internet users (%),% of individuals,ITU World Telecommunication Indicators Database,2021,Ethiopia,ETH,,,,16.6981031,"Aged 10 and older. Ages 10+, ability to use the internet",Ethiopia Statistics Service - Statistical report on the 2021 Labour Force and Migration Survey,2026-02-02
19257,i4213tfbb,Fixed-broadband subscriptions,Value,ITU World Telecommunication Indicators Database,2021,Ethiopia,ETH,,,,487800.0,Source: Ethio Telecom,Ethiopian Communications Authority,2023-12-05
260,i61,Population,Value,ITU World Telecommunication Indicators Database,2021,Ethiopia,ETH,,,,122138588.0,,UN Population Division World Population Prospects 2024,2024-07-16
12047,xHH6_IDI,Estimated proportion of households with Internet access at home,% of households,ITU World Telecommunication Indicators Database,2021,Ethiopia,ETH,,,,17.40828339,,ITU estimate.,2026-02-02
260,i61,Population,Value,ITU World Telecommunication Indicators Database,2021,Honduras,HND,,,,10289877.0,,UN Population Division World Population Prospects 2024,2024-07-16
12047,xHH6_IDI,Estimated proportion of households with Internet access at home,% of households,ITU World Telecommunication Indicators Database,2021,Honduras,HND,,,,45.64102077,,ITU estimate.,2026-02-02
19257,i4213tfbb,Fixed-broadband subscriptions,Value,ITU World Telecommunication Indicators Database,2021,Honduras,HND,,,,421457.0,,Comisión Nacional de Telecomunicaciones (CONATEL),2024-05-09
19306,i271GA,Percentage of the population covered by at least an LTE/WiMAX mobile network.,% of individuals,ITU World Telecommunication Indicators Database,2021,Honduras,HND,,,,78.51,Estimación realizada en base a las poblaciones cubiertas segun reporte de mapas de operadores.,Comisión Nacional de Telecomunicaciones (CONATEL),2024-05-09
11624,i99H,Internet users (%),% of individuals,ITU World Telecommunication Indicators Database,2021,Honduras,HND,,,,51.95159912,Aged 5 and older.,ITU estimate.,2025-12-11
11632,i271mw,Active mobile-broadband subscriptions,Value,ITU World Telecommunication Indicators Database,2021,Honduras,HND,,,,4887509.0,,Comisión Nacional de Telecomunicaciones (CONATEL),2024-05-09
11624,i99H,Internet users (%),% of individuals,ITU World Telecommunication Indicators Database,2021,India,IND,,,,49.2580986,,ITU estimate.,2025-12-11
11632,i271mw,Active mobile-broadband subscriptions,Value,ITU World Telecommunication Indicators Database,2021,India,IND,,,,765991924.0,As in December 2021,Department of Telecommunications,2023-12-05
260,i61,Population,Value,ITU World Telecommunication Indicators Database,2021,India,IND,,,,1414203896.0,,UN Population Division World Population Prospects 2024,2024-07-17
19257,i4213tfbb,Fixed-broadband subscriptions,Value,ITU World Telecommunication Indicators Database,2021,India,IND,,,,27560000.0,As in December 2021,Department of Telecommunications,2023-12-05
19306,i271GA,Percentage of the population covered by at least an LTE/WiMAX mobile network.,% of individuals,ITU World Telecommunication Indicators Database,2021,India,IND,,,,98.67,As in December 2021,Department of Telecommunications,2023-12-05
19306,i271GA,Percentage of the population covered by at least an LTE/WiMAX mobile network.,% of individuals,ITU World Telecommunication Indicators Database,2021,Indonesia,IDN,,,,96.19,"The decrease in this figure relates to the different method used in measuring coverage, from overlaying of residential area maps to overlaying of area maps.",Ministry of Communications and Informatics,2024-05-24
11632,i271mw,Active mobile-broadband subscriptions,Value,ITU World Telecommunication Indicators Database,2021,Indonesia,IDN,,,,314284378.0,,Ministry of Communications and Informatics,2024-05-24
11624,i99H,Internet users (%),% of individuals,ITU World Telecommunication Indicators Database,2021,Indonesia,IDN,,,,62.10447842,All ages.,BPS-Statistics Indonesia,2026-02-02
12047,xHH6_IDI,Estimated proportion of households with Internet access at home,% of households,ITU World Telecommunication Indicators Database,2021,Indonesia,IDN,,,,82.07401747,,BPS-Statistics Indonesia,2026-02-02
260,i61,Population,Value,ITU World Telecommunication Indicators Database,2021,Indonesia,IDN,,,,276758053.0,,UN Population Division World Population Prospects 2024,2024-07-17
19257,i4213tfbb,Fixed-broadband subscriptions,Value,ITU World Telecommunication Indicators Database,2021,Indonesia,IDN,,,,12419416.0,,Ministry of Communications and Informatics,2024-05-24
260,i61,Population,Value,ITU World Telecommunication Indicators Database,2021,Iraq,IRQ,,,,43071211.0,,UN Population Division World Population Prospects 2024,2024-07-17
19257,i4213tfbb,Fixed-broadband subscriptions,Value,ITU World Telecommunication Indicators Database,2021,Iraq,IRQ,,,,6386394.0,,Communications and Media Commission of Iraq,2024-04-26
12047,xHH6_IDI,Estimated proportion of households with Internet access at home,% of households,ITU World Telecommunication Indicators Database,2021,Iraq,IRQ,,,,79.78217123,,ITU estimate.,2026-02-02
19306,i271GA,Percentage of the population covered by at least an LTE/WiMAX mobile network.,% of individuals,ITU World Telecommunication Indicators Database,2021,Iraq,IRQ,,,,95.88,,Communications and Media Commission of Iraq,2024-04-26
11632,i271mw,Active mobile-broadband subscriptions,Value,ITU World Telecommunication Indicators Database,2021,Iraq,IRQ,,,,20678849.0,,Communications and Media Commission of Iraq,2024-04-26
11624,i99H,Internet users (%),% of individuals,ITU World Telecommunication Indicators Database,2021,Iraq,IRQ,,,,65.00219727,,ITU estimate.,2025-12-11
11624,i99H,Internet users (%),% of individuals,ITU World Telecommunication Indicators Database,2021,Israel,ISR,,,,90.29689758,Aged 20 and older. Using the internet via computer or mobile cellular phone,Central Bureau of Statistics,2026-02-02
11632,i271mw,Active mobile-broadband subscriptions,Value,ITU World Telecommunication Indicators Database,2021,Israel,ISR,,,,11000000.0,,Ministry of Communications,2023-05-11
19257,i4213tfbb,Fixed-broadband subscriptions,Value,ITU World Telecommunication Indicators Database,2021,Israel,ISR,,,,2656753.0,,Ministry of Communications,2023-05-11
12047,xHH6_IDI,Estimated proportion of households with Internet access at home,% of households,ITU World Telecommunication Indicators Database,2021,Israel,ISR,,,,82.95540689,Data from the Social survey 2021,Central Bureau of Statistics,2026-02-02
260,i61,Population,Value,ITU World Telecommunication Indicators Database,2021,Israel,ISR,,,,8942924.0,,UN Population Division World Population Prospects 2024,2024-07-17
19306,i271GA,Percentage of the population covered by at least an LTE/WiMAX mobile network.,% of individuals,ITU World Telecommunication Indicators Database,2021,Israel,ISR,,,,97.0,,Ministry of Communications,2023-05-11
19306,i271GA,Percentage of the population covered by at least an LTE/WiMAX mobile network.,% of individuals,ITU World Telecommunication Indicators Database,2021,Japan,JPN,,,,93.2,We have no data.,Ministry of Internal Affairs and Communications,2024-04-26
11624,i99H,Internet users (%),% of individuals,ITU World Telecommunication Indicators Database,2021,Japan,JPN,,,,82.91407928,Aged 6 and older. In the last 12 months,Ministry of Internal Affairs and Communications,2026-02-02
11632,i271mw,Active mobile-broadband subscriptions,Value,ITU World Telecommunication Indicators Database,2021,Japan,JPN,,,,200559264.0,,Ministry of Internal Affairs and Communications,2024-04-26
12047,xHH6_IDI,Estimated proportion of households with Internet access at home,% of households,ITU World Telecommunication Indicators Database,2021,Japan,JPN,,,,88.15376286,,Ministry of Internal Affairs and Communications,2026-02-02
19257,i4213tfbb,Fixed-broadband subscriptions,Value,ITU World Telecommunication Indicators Database,2021,Japan,JPN,,,,45168114.0,Total does not equal the sum of subscriptions by speed since it included subscriptions with unknown speed.#As of Dec.2021,Ministry of Internal Affairs and Communications,2024-04-26
260,i61,Population,Value,ITU World Telecommunication Indicators Database,2021,Japan,JPN,,,,125679338.0,,UN Population Division World Population Prospects 2024,2024-07-17
19257,i4213tfbb,Fixed-broadband subscriptions,Value,ITU World Telecommunication Indicators Database,2021,Jamaica,JAM,,,,413500.0,,Office of Utilities Regulation,2024-04-27
12047,xHH6_IDI,Estimated proportion of households with Internet access at home,% of households,ITU World Telecommunication Indicators Database,2021,Jamaica,JAM,,,,75.37580105,,Statistical Institute of Jamaica,2026-02-02
260,i61,Population,Value,ITU World Telecommunication Indicators Database,2021,Jamaica,JAM,,,,2837682.0,,UN Population Division World Population Prospects 2024,2024-07-16
19306,i271GA,Percentage of the population covered by at least an LTE/WiMAX mobile network.,% of individuals,ITU World Telecommunication Indicators Database,2021,Jamaica,JAM,,,,98.0,,Office of Utilities Regulation,2024-04-27
11632,i271mw,Active mobile-broadband subscriptions,Value,ITU World Telecommunication Indicators Database,2021,Jamaica,JAM,,,,1738184.0,,Office of Utilities Regulation,2024-04-27
11624,i99H,Internet users (%),% of individuals,ITU World Telecommunication Indicators Database,2021,Jamaica,JAM,,,,82.36071561,All ages.,Statistical Institute of Jamaica,2026-02-02
11632,i271mw,Active mobile-broadband subscriptions,Value,ITU World Telecommunication Indicators Database,2021,Kenya,KEN,,,,28360642.0,,Communications Authority  of Kenya,2024-03-27
11624,i99H,Internet users (%),% of individuals,ITU World Telecommunication Indicators Database,2021,Kenya,KEN,,,,26.96290016,Aged 3 and older.,ITU estimate.,2025-12-11
260,i61,Population,Value,ITU World Telecommunication Indicators Database,2021,Kenya,KEN,,,,53219166.0,,UN Population Division World Population Prospects 2024,2024-07-16
19257,i4213tfbb,Fixed-broadband subscriptions,Value,ITU World Telecommunication Indicators Database,2021,Kenya,KEN,,,,788996.0,,Communications Authority  of Kenya,2024-03-27
19306,i271GA,Percentage of the population covered by at least an LTE/WiMAX mobile network.,% of individuals,ITU World Telecommunication Indicators Database,2021,Kenya,KEN,,,,94.0,,Communications Authority  of Kenya,2024-03-27
19306,i271GA,Percentage of the population covered by at least an LTE/WiMAX mobile network.,% of individuals,ITU World Telecommunication Indicators Database,2021,Madagascar,MDG,,,,27.11,,Autorité de Régulation des Technologies de Communication,2024-05-14
11632,i271mw,Active mobile-broadband subscriptions,Value,ITU World Telecommunication Indicators Database,2021,Madagascar,MDG,,,,5159274.0,,Autorité de Régulation des Technologies de Communication,2024-05-14
11624,i99H,Internet users (%),% of individuals,ITU World Telecommunication Indicators Database,2021,Madagascar,MDG,,,,13.74590015,,ITU estimate.,2025-12-11
19257,i4213tfbb,Fixed-broadband subscriptions,Value,ITU World Telecommunication Indicators Database,2021,Madagascar,MDG,,,,30933.0,,Autorité de Régulation des Technologies de Communication,2024-05-14
12047,xHH6_IDI,Estimated proportion of households with Internet access at home,% of households,ITU World Telecommunication Indicators Database,2021,Madagascar,MDG,,,,17.07834275,,ITU estimate.,2026-02-02
260,i61,Population,Value,ITU World Telecommunication Indicators Database,2021,Madagascar,MDG,,,,29691083.0,,UN Population Division World Population Prospects 2024,2024-07-16
19257,i4213tfbb,Fixed-broadband subscriptions,Value,ITU World Telecommunication Indicators Database,2021,Morocco,MAR,,,,2271286.0,,Agence Nationale de Réglementation des Télécommunications,2023-12-19
12047,xHH6_IDI,Estimated proportion of households with Internet access at home,% of households,ITU World Telecommunication Indicators Database,2021,Morocco,MAR,,,,86.21103141,,Agence Nationale de Réglementation des Télécommunications,2026-02-02
260,i61,Population,Value,ITU World Telecommunication Indicators Database,2021,Morocco,MAR,,,,36954442.0,,UN Population Division World Population Prospects 2024,2024-07-16
19306,i271GA,Percentage of the population covered by at least an LTE/WiMAX mobile network.,% of individuals,ITU World Telecommunication Indicators Database,2021,Morocco,MAR,,,,99.05,,Agence Nationale de Réglementation des Télécommunications,2023-12-19
11632,i271mw,Active mobile-broadband subscriptions,Value,ITU World Telecommunication Indicators Database,2021,Morocco,MAR,,,,30621172.0,,Agence Nationale de Réglementation des Télécommunications,2023-12-19
11624,i99H,Internet users (%),% of individuals,ITU World Telecommunication Indicators Database,2021,Morocco,MAR,,,,88.13031937,Aged 5 and older.,Agence Nationale de Réglementation des Télécommunications,2026-02-02
11624,i99H,Internet users (%),% of individuals,ITU World Telecommunication Indicators Database,2021,Papua New Guinea,PNG,,,,16.55960083,,ITU estimate.,2025-12-11
11632,i271mw,Active mobile-broadband subscriptions,Value,ITU World Telecommunication Indicators Database,2021,Papua New Guinea,PNG,,,,1100000.0,,ITU estimate.,2022-12-20
12047,xHH6_IDI,Estimated proportion of households with Internet access at home,% of households,ITU World Telecommunication Indicators Database,2021,Papua New Guinea,PNG,,,,31.60863154,,ITU estimate.,2026-02-02
260,i61,Population,Value,ITU World Telecommunication Indicators Database,2021,Papua New Guinea,PNG,,,,10012896.0,,UN Population Division World Population Prospects 2024,2024-07-17
19257,i4213tfbb,Fixed-broadband subscriptions,Value,ITU World Telecommunication Indicators Database,2021,Papua New Guinea,PNG,,,,21000.0,,ITU estimate.,2022-12-20
19306,i271GA,Percentage of the population covered by at least an LTE/WiMAX mobile network.,% of individuals,ITU World Telecommunication Indicators Database,2021,Papua New Guinea,PNG,,,,50.0,,ITU estimate.,2022-12-20
19306,i271GA,Percentage of the population covered by at least an LTE/WiMAX mobile network.,% of individuals,ITU World Telecommunication Indicators Database,2021,Rwanda,RWA,,,,98.07,,Rwanda Utilities Regulatory Authority (RURA),2024-04-24
11624,i99H,Internet users (%),% of individuals,ITU World Telecommunication Indicators Database,2021,Rwanda,RWA,,,,24.4416008,,ITU estimate.,2025-12-11
11632,i271mw,Active mobile-broadband subscriptions,Value,ITU World Telecommunication Indicators Database,2021,Rwanda,RWA,,,,6332642.0,,Rwanda Utilities Regulatory Authority (RURA),2024-04-24
260,i61,Population,Value,ITU World Telecommunication Indicators Database,2021,Rwanda,RWA,,,,13355260.0,,UN Population Division World Population Prospects 2024,2024-07-16
19257,i4213tfbb,Fixed-broadband subscriptions,Value,ITU World Telecommunication Indicators Database,2021,Rwanda,RWA,,,,31902.0,,Rwanda Utilities Regulatory Authority (RURA),2024-04-24
12047,xHH6_IDI,Estimated proportion of households with Internet access at home,% of households,ITU World Telecommunication Indicators Database,2021,Rwanda,RWA,,,,28.7584099,,ITU estimate.,2026-02-02
11624,i99H,Internet users (%),% of individuals,ITU World Telecommunication Indicators Database,2021,Uganda,UGA,,,,10.0,Aged 10 and older.,Uganda Bureau of Statistics,2024-12-09
11632,i271mw,Active mobile-broadband subscriptions,Value,ITU World Telecommunication Indicators Database,2021,Uganda,UGA,,,,23914358.0,,Uganda Communications Commission,2024-04-26
260,i61,Population,Value,ITU World Telecommunication Indicators Database,2021,Uganda,UGA,,,,45910930.0,,UN Population Division World Population Prospects 2024,2024-07-16
19257,i4213tfbb,Fixed-broadband subscriptions,Value,ITU World Telecommunication Indicators Database,2021,Uganda,UGA,,,,38512.0,,Uganda Communications Commission,2024-04-26
12047,xHH6_IDI,Estimated proportion of households with Internet access at home,% of households,ITU World Telecommunication Indicators Database,2021,Uganda,UGA,,,,21.72415876,,ITU estimate.,2026-02-02
19306,i271GA,Percentage of the population covered by at least an LTE/WiMAX mobile network.,% of individuals,ITU World Telecommunication Indicators Database,2021,Uganda,UGA,,,,31.0,,Uganda Communications Commission,2024-04-26
19306,i271GA,Percentage of the population covered by at least an LTE/WiMAX mobile network.,% of individuals,ITU World Telecommunication Indicators Database,2021,Ukraine,UKR,,,,91.6,,Ministry of Digital Transformation of Ukraine,2024-04-23
11624,i99H,Internet users (%),% of individuals,ITU World Telecommunication Indicators Database,2021,Ukraine,UKR,,,,79.21829353,All ages.,State Statistics Service of Ukraine,2026-02-02
11632,i271mw,Active mobile-broadband subscriptions,Value,ITU World Telecommunication Indicators Database,2021,Ukraine,UKR,,,,33184499.0,,Ministry of Digital Transformation of Ukraine,2024-04-23
260,i61,Population,Value,ITU World Telecommunication Indicators Database,2021,Ukraine,UKR,,,,41418717.0,"Excluding the temporarily occupied territories of the Autonomous Republic of Crimea, and the city of Sevastopol.",State Statistics Service of Ukraine,2021-10-01
19257,i4213tfbb,Fixed-broadband subscriptions,Value,ITU World Telecommunication Indicators Database,2021,Ukraine,UKR,,,,7566286.0,,Ministry of Digital Transformation of Ukraine,2024-04-23
12047,xHH6_IDI,Estimated proportion of households with Internet access at home,% of households,ITU World Telecommunication Indicators Database,2021,Ukraine,UKR,,,,82.67547877,,State Statistics Service of Ukraine,2026-02-02
12047,xHH6_IDI,Estimated proportion of households with Internet access at home,% of households,ITU World Telecommunication Indicators Database,2021,United States,USA,,,,94.35238626,,ITU estimate.,2026-02-02
19257,i4213tfbb,Fixed-broadband subscriptions,Value,ITU World Telecommunication Indicators Database,2021,United States,USA,,,,125885000.0,Source: FCC Form 477 (Preliminary and Subject to Change).,U.S. Federal Communications Commission,2024-04-26
260,i61,Population,Value,ITU World Telecommunication Indicators Database,2021,United States,USA,,,,340161441.0,,UN Population Division World Population Prospects 2024,2024-07-17
19306,i271GA,Percentage of the population covered by at least an LTE/WiMAX mobile network.,% of individuals,ITU World Telecommunication Indicators Database,2021,United States,USA,,,,99.9,Source: FCC Form 477 (Preliminary and Subject to Change).,U.S. Federal Communications Commission,2024-04-26
11624,i99H,Internet users (%),% of individuals,ITU World Telecommunication Indicators Database,2021,United States,USA,,,,91.2684021,,ITU estimate.,2025-12-11
11632,i271mw,Active mobile-broadband subscriptions,Value,ITU World Telecommunication Indicators Database,2021,United States,USA,,,,558700000.0,Source: Omdia.,U.S. Federal Communications Commission,2024-04-26
11632,i271mw,Active mobile-broadband subscriptions,Value,ITU World Telecommunication Indicators Database,2020,Afghanistan,AFG,,,,7422550.0,,Afghanistan Telecommunication Regulatory Authority.,2021-04-12
11624,i99H,Internet users (%),% of individuals,ITU World Telecommunication Indicators Database,2020,Afghanistan,AFG,,,,17.04850006,,ITU estimate.,2025-12-11
260,i61,Population,Value,ITU World Telecommunication Indicators Database,2020,Afghanistan,AFG,,,,39068979.0,,UN Population Division World Population Prospects 2024,2024-07-17
19257,i4213tfbb,Fixed-broadband subscriptions,Value,ITU World Telecommunication Indicators Database,2020,Afghanistan,AFG,,,,26570.0,,Afghanistan Telecommunication Regulatory Authority.,2021-04-12
19306,i271GA,Percentage of the population covered by at least an LTE/WiMAX mobile network.,% of individuals,ITU World Telecommunication Indicators Database,2020,Afghanistan,AFG,,,,26.0,,Afghanistan Telecommunication Regulatory Authority.,2021-04-12
19306,i271GA,Percentage of the population covered by at least an LTE/WiMAX mobile network.,% of individuals,ITU World Telecommunication Indicators Database,2020,Angola,AGO,,,,72.74,,Angolan Institute of Communications,2025-07-11
11624,i99H,Internet users (%),% of individuals,ITU World Telecommunication Indicators Database,2020,Angola,AGO,,,,33.32089996,,ITU estimate.,2025-12-11
11632,i271mw,Active mobile-broadband subscriptions,Value,ITU World Telecommunication Indicators Database,2020,Angola,AGO,,,,6637340.0,,Angolan Institute of Communications,2023-06-29
12047,xHH6_IDI,Estimated proportion of households with Internet access at home,% of households,ITU World Telecommunication Indicators Database,2020,Angola,AGO,,,,35.39081305,,ITU estimate.,2024-03-18
260,i61,Population,Value,ITU World Telecommunication Indicators Database,2020,Angola,AGO,,,,33451132.0,,UN Population Division World Population Prospects 2024,2024-07-16
19257,i4213tfbb,Fixed-broadband subscriptions,Value,ITU World Telecommunication Indicators Database,2020,Angola,AGO,,,,121516.0,,Angolan Institute of Communications,2023-07-12
19257,i4213tfbb,Fixed-broadband subscriptions,Value,ITU World Telecommunication Indicators Database,2020,Armenia,ARM,,,,430407.0,,Ministry of High-Tech Industry of Armenia,2023-06-29
12047,xHH6_IDI,Estimated proportion of households with Internet access at home,% of households,ITU World Telecommunication Indicators Database,2020,Armenia,ARM,,,,87.21168341,,Statistical Committee of RA,2026-02-02
260,i61,Population,Value,ITU World Telecommunication Indicators Database,2020,Armenia,ARM,,,,2890892.0,,UN Population Division World Population Prospects 2024,2024-07-17
19306,i271GA,Percentage of the population covered by at least an LTE/WiMAX mobile network.,% of individuals,ITU World Telecommunication Indicators Database,2020,Armenia,ARM,,,,100.0,,Ministry of High-Tech Industry of Armenia,2023-06-29
11632,i271mw,Active mobile-broadband subscriptions,Value,ITU World Telecommunication Indicators Database,2020,Armenia,ARM,,,,2347585.0,,Ministry of High-Tech Industry of Armenia,2023-06-29
11624,i99H,Internet users (%),% of individuals,ITU World Telecommunication Indicators Database,2020,Armenia,ARM,,,,76.50770055,All ages.,Statistical Committee of RA,2026-02-02
11624,i99H,Internet users (%),% of individuals,ITU World Telecommunication Indicators Database,2020,Burkina Faso,BFA,,,,12.97319984,Aged 10 and older.,ITU estimate.,2025-12-11
12047,xHH6_IDI,Estimated proportion of households with Internet access at home,% of households,ITU World Telecommunication Indicators Database,2020,Burkina Faso,BFA,,,,9.725244744,,ITU estimate.,2024-03-18
19257,i4213tfbb,Fixed-broadband subscriptions,Value,ITU World Telecommunication Indicators Database,2020,Burkina Faso,BFA,,,,13979.0,,ARCEP,2022-03-20
260,i61,Population,Value,ITU World Telecommunication Indicators Database,2020,Burkina Faso,BFA,,,,21478690.0,,UN Population Division World Population Prospects 2024,2024-07-16
19306,i271GA,Percentage of the population covered by at least an LTE/WiMAX mobile network.,% of individuals,ITU World Telecommunication Indicators Database,2020,Burkina Faso,BFA,,,,26.92,,ARCEP,2022-03-20
19306,i271GA,Percentage of the population covered by at least an LTE/WiMAX mobile network.,% of individuals,ITU World Telecommunication Indicators Database,2020,Botswana,BWA,,,,77.0,value for the largest operator,Botswana Communications Regulatory Authority (BOCRA),2023-06-29
11624,i99H,Internet users (%),% of individuals,ITU World Telecommunication Indicators Database,2020,Botswana,BWA,,,,51.67819977,,ITU estimate.,2025-12-11
11632,i271mw,Active mobile-broadband subscriptions,Value,ITU World Telecommunication Indicators Database,2020,Botswana,BWA,,,,2240166.0,,Botswana Communications Regulatory Authority (BOCRA),2023-06-29
12047,xHH6_IDI,Estimated proportion of households with Internet access at home,% of households,ITU World Telecommunication Indicators Database,2020,Botswana,BWA,,,,69.23058095,,ITU estimate.,2024-03-18
260,i61,Population,Value,ITU World Telecommunication Indicators Database,2020,Botswana,BWA,,,,2365894.0,,UN Population Division World Population Prospects 2024,2024-07-16
19257,i4213tfbb,Fixed-broadband subscriptions,Value,ITU World Telecommunication Indicators Database,2020,Botswana,BWA,,,,84842.0,Operators reported an increase in particularly for broadband services (both fixed and mobile) during the COVID-19 restrictions adopted working from home policies.,Botswana Communications Regulatory Authority (BOCRA),2023-07-12
19257,i4213tfbb,Fixed-broadband subscriptions,Value,ITU World Telecommunication Indicators Database,2020,Barbados,BRB,,,,128000.0,,"MINISTRY OF INDUSTRY, INNOVATION, SCIENCE & TECHNOLOGY (MIST)",2023-06-29
260,i61,Population,Value,ITU World Telecommunication Indicators Database,2020,Barbados,BRB,,,,281698.0,,UN Population Division World Population Prospects 2024,2024-07-16
12047,xHH6_IDI,Estimated proportion of households with Internet access at home,% of households,ITU World Telecommunication Indicators Database,2020,Barbados,BRB,,,,76.62679183,,ITU estimate.,2024-03-18
19306,i271GA,Percentage of the population covered by at least an LTE/WiMAX mobile network.,% of individuals,ITU World Telecommunication Indicators Database,2020,Barbados,BRB,,,,99.6,,"MINISTRY OF INDUSTRY, INNOVATION, SCIENCE & TECHNOLOGY (MIST)",2023-06-29
11632,i271mw,Active mobile-broadband subscriptions,Value,ITU World Telecommunication Indicators Database,2020,Barbados,BRB,,,,115000.0,,"MINISTRY OF INDUSTRY, INNOVATION, SCIENCE & TECHNOLOGY (MIST)",2023-06-29
11624,i99H,Internet users (%),% of individuals,ITU World Telecommunication Indicators Database,2020,Barbados,BRB,,,,69.89009857,,ITU estimate.,2025-12-11
11632,i271mw,Active mobile-broadband subscriptions,Value,ITU World Telecommunication Indicators Database,2020,Cambodia,KHM,,,,16519702.0,Mobile Broadband maintained a strong growth in 2018 as OTT Apps became handy tools for people,Telecommunication Regulator of Cambodia (TRC),2023-06-29
11624,i99H,Internet users (%),% of individuals,ITU World Telecommunication Indicators Database,2020,Cambodia,KHM,,,,56.37590027,Aged 5 and older.,ITU estimate.,2025-12-11
19257,i4213tfbb,Fixed-broadband subscriptions,Value,ITU World Telecommunication Indicators Database,2020,Cambodia,KHM,,,,233772.0,Slowly increase as focus is on mobile internet,Telecommunication Regulator of Cambodia (TRC),2023-06-29
12047,xHH6_IDI,Estimated proportion of households with Internet access at home,% of households,ITU World Telecommunication Indicators Database,2020,Cambodia,KHM,,,,54.27831513,,ITU estimate.,2024-03-18
260,i61,Population,Value,ITU World Telecommunication Indicators Database,2020,Cambodia,KHM,,,,16725474.0,,UN Population Division World Population Prospects 2024,2024-07-17
19306,i271GA,Percentage of the population covered by at least an LTE/WiMAX mobile network.,% of individuals,ITU World Telecommunication Indicators Database,2020,Cambodia,KHM,,,,91.5,,Telecommunication Regulator of Cambodia (TRC),2023-06-29
19306,i271GA,Percentage of the population covered by at least an LTE/WiMAX mobile network.,% of individuals,ITU World Telecommunication Indicators Database,2020,Colombia,COL,,,,98.0,"ource: Colombia TIC, Se infiere toda la población de los municipios a las cabeceras municipales de acuerdo a la desagraciacion poblacional provista por la Entidad Estadística Nacional ##",Ministerio de Tecnologías de la Información y las Comunicaciones,2023-06-29
11632,i271mw,Active mobile-broadband subscriptions,Value,ITU World Telecommunication Indicators Database,2020,Colombia,COL,,,,31455015.0,Source: Colombia TIC,Ministerio de Tecnologías de la Información y las Comunicaciones,2023-06-29
11624,i99H,Internet users (%),% of individuals,ITU World Telecommunication Indicators Database,2020,Colombia,COL,,,,69.79533474,Aged 5 and older.,Departamento Administrativo Nacional de Estadistica (DANE),2026-02-02
19257,i4213tfbb,Fixed-broadband subscriptions,Value,ITU World Telecommunication Indicators Database,2020,Colombia,COL,,,,7764772.0,Source: Colombia TIC,Ministerio de Tecnologías de la Información y las Comunicaciones,2023-06-29
12047,xHH6_IDI,Estimated proportion of households with Internet access at home,% of households,ITU World Telecommunication Indicators Database,2020,Colombia,COL,,,,56.52677103,Data are based on population projection from the 2018 census.,Departamento Administrativo Nacional de Estadistica (DANE),2026-02-02
260,i61,Population,Value,ITU World Telecommunication Indicators Database,2020,Colombia,COL,,,,50629997.0,,UN Population Division World Population Prospects 2024,2024-07-17
12047,xHH6_IDI,Estimated proportion of households with Internet access at home,% of households,ITU World Telecommunication Indicators Database,2020,Spain,ESP,,,,95.37748818,Households with at least one member aged 16 to 74,Instituto Nacional de Estadistica,2026-02-02
260,i61,Population,Value,ITU World Telecommunication Indicators Database,2020,Spain,ESP,,,,47679489.0,,UN Population Division World Population Prospects 2024,2024-07-16
19257,i4213tfbb,Fixed-broadband subscriptions,Value,ITU World Telecommunication Indicators Database,2020,Spain,ESP,,,,16188502.0,The figure has been updated,Comisión Nacional de los Mercados y la Competencia,2023-06-29
19306,i271GA,Percentage of the population covered by at least an LTE/WiMAX mobile network.,% of individuals,ITU World Telecommunication Indicators Database,2020,Spain,ESP,,,,99.6,Provisional data,Comisión Nacional de los Mercados y la Competencia,2023-06-29
11632,i271mw,Active mobile-broadband subscriptions,Value,ITU World Telecommunication Indicators Database,2020,Spain,ESP,,,,49230580.0,Provisional data,Comisión Nacional de los Mercados y la Competencia,2023-06-29
11624,i99H,Internet users (%),% of individuals,ITU World Telecommunication Indicators Database,2020,Spain,ESP,,,,93.20564892,Aged 16-74.,Instituto Nacional de Estadistica,2026-02-02
11624,i99H,Internet users (%),% of individuals,ITU World Telecommunication Indicators Database,2020,Ethiopia,ETH,,,,16.06959915,Aged 10 and older.,ITU estimate.,2025-12-11
11632,i271mw,Active mobile-broadband subscriptions,Value,ITU World Telecommunication Indicators Database,2020,Ethiopia,ETH,,,,23000000.0,,Ethiopian Communications Authority,2023-06-29
12047,xHH6_IDI,Estimated proportion of households with Internet access at home,% of households,ITU World Telecommunication Indicators Database,2020,Ethiopia,ETH,,,,16.06964208,,ITU estimate.,2024-03-18
19257,i4213tfbb,Fixed-broadband subscriptions,Value,ITU World Telecommunication Indicators Database,2020,Ethiopia,ETH,,,,212000.0,,Ethiopian Communications Authority,2023-06-29
260,i61,Population,Value,ITU World Telecommunication Indicators Database,2020,Ethiopia,ETH,,,,118917671.0,,UN Population Division World Population Prospects 2024,2024-07-16
19306,i271GA,Percentage of the population covered by at least an LTE/WiMAX mobile network.,% of individuals,ITU World Telecommunication Indicators Database,2020,Ethiopia,ETH,,,,7.0,,Ethiopian Communications Authority,2023-06-29
19306,i271GA,Percentage of the population covered by at least an LTE/WiMAX mobile network.,% of individuals,ITU World Telecommunication Indicators Database,2020,Honduras,HND,,,,75.24,Estimación realizada en base a las poblaciones cubiertas según reporte de mapas de operadores,Comisión Nacional de Telecomunicaciones (CONATEL),2023-06-29
11632,i271mw,Active mobile-broadband subscriptions,Value,ITU World Telecommunication Indicators Database,2020,Honduras,HND,,,,4331308.0,,Comisión Nacional de Telecomunicaciones (CONATEL),2023-06-29
11624,i99H,Internet users (%),% of individuals,ITU World Telecommunication Indicators Database,2020,Honduras,HND,,,,45.24829865,Aged 5 and older.,ITU estimate.,2025-12-11
19257,i4213tfbb,Fixed-broadband subscriptions,Value,ITU World Telecommunication Indicators Database,2020,Honduras,HND,,,,396916.0,,Comisión Nacional de Telecomunicaciones (CONATEL),2023-06-29
12047,xHH6_IDI,Estimated proportion of households with Internet access at home,% of households,ITU World Telecommunication Indicators Database,2020,Honduras,HND,,,,33.9855365,,ITU estimate.,2024-03-18
260,i61,Population,Value,ITU World Telecommunication Indicators Database,2020,Honduras,HND,,,,10119640.0,,UN Population Division World Population Prospects 2024,2024-07-16
19257,i4213tfbb,Fixed-broadband subscriptions,Value,ITU World Telecommunication Indicators Database,2020,India,IND,,,,22950000.0,December 2020,Department of Telecommunications,2023-06-29
260,i61,Population,Value,ITU World Telecommunication Indicators Database,2020,India,IND,,,,1402617695.0,,UN Population Division World Population Prospects 2024,2024-07-17
19306,i271GA,Percentage of the population covered by at least an LTE/WiMAX mobile network.,% of individuals,ITU World Telecommunication Indicators Database,2020,India,IND,,,,98.45,December 2020,Department of Telecommunications,2023-06-29
11632,i271mw,Active mobile-broadband subscriptions,Value,ITU World Telecommunication Indicators Database,2020,India,IND,,,,725120000.0,December 2020,Department of Telecommunications,2023-06-29
11624,i99H,Internet users (%),% of individuals,ITU World Telecommunication Indicators Database,2020,India,IND,,,,43.40544313,,IAMAI and KANTAR,2024-03-18
11624,i99H,Internet users (%),% of individuals,ITU World Telecommunication Indicators Database,2020,Indonesia,IDN,,,,53.72649449,All ages.,BPS-Statistics Indonesia,2026-02-02
11632,i271mw,Active mobile-broadband subscriptions,Value,ITU World Telecommunication Indicators Database,2020,Indonesia,IDN,,,,284995837.0,Ministry of Communications and Informatics,Ministry of Communications and Informatics,2023-06-29
260,i61,Population,Value,ITU World Telecommunication Indicators Database,2020,Indonesia,IDN,,,,274814866.0,,UN Population Division World Population Prospects 2024,2024-07-17
19257,i4213tfbb,Fixed-broadband subscriptions,Value,ITU World Telecommunication Indicators Database,2020,Indonesia,IDN,,,,10800053.0,,Ministry of Communications and Informatics,2023-08-14
12047,xHH6_IDI,Estimated proportion of households with Internet access at home,% of households,ITU World Telecommunication Indicators Database,2020,Indonesia,IDN,,,,78.17634138,,BPS-Statistics Indonesia,2026-02-02
19306,i271GA,Percentage of the population covered by at least an LTE/WiMAX mobile network.,% of individuals,ITU World Telecommunication Indicators Database,2020,Indonesia,IDN,,,,96.1,"The decrease in this figure relates to the different method used in measuring coverage, from only residential areas to all areas.",Ministry of Communications and Informatics,2023-06-29
19306,i271GA,Percentage of the population covered by at least an LTE/WiMAX mobile network.,% of individuals,ITU World Telecommunication Indicators Database,2020,Iraq,IRQ,,,,94.6,94.6%,Communications and Media Commission,2023-06-29
11632,i271mw,Active mobile-broadband subscriptions,Value,ITU World Telecommunication Indicators Database,2020,Iraq,IRQ,,,,18459785.0,,Communications and Media Commission,2023-06-29
11624,i99H,Internet users (%),% of individuals,ITU World Telecommunication Indicators Database,2020,Iraq,IRQ,,,,53.67779922,,ITU estimate.,2025-12-11
19257,i4213tfbb,Fixed-broadband subscriptions,Value,ITU World Telecommunication Indicators Database,2020,Iraq,IRQ,,,,6254099.0,,Communications and Media Commission,2023-06-29
12047,xHH6_IDI,Estimated proportion of households with Internet access at home,% of households,ITU World Telecommunication Indicators Database,2020,Iraq,IRQ,,,,71.74793676,,ITU estimate.,2024-03-18
260,i61,Population,Value,ITU World Telecommunication Indicators Database,2020,Iraq,IRQ,,,,42116605.0,,UN Population Division World Population Prospects 2024,2024-07-17
12047,xHH6_IDI,Estimated proportion of households with Internet access at home,% of households,ITU World Telecommunication Indicators Database,2020,Israel,ISR,,,,76.20869069,,CENTRAL BUREAU OF STATISTICS,2026-02-02
260,i61,Population,Value,ITU World Telecommunication Indicators Database,2020,Israel,ISR,,,,8800376.0,,UN Population Division World Population Prospects 2024,2024-07-17
19257,i4213tfbb,Fixed-broadband subscriptions,Value,ITU World Telecommunication Indicators Database,2020,Israel,ISR,,,,2602079.0,,Ministry of Communications,2023-06-29
19306,i271GA,Percentage of the population covered by at least an LTE/WiMAX mobile network.,% of individuals,ITU World Telecommunication Indicators Database,2020,Israel,ISR,,,,97.0,,Ministry of Communications,2023-06-29
11632,i271mw,Active mobile-broadband subscriptions,Value,ITU World Telecommunication Indicators Database,2020,Israel,ISR,,,,10500000.0,,Ministry of Communications,2023-06-29
11624,i99H,Internet users (%),% of individuals,ITU World Telecommunication Indicators Database,2020,Israel,ISR,,,,90.12734091,Aged 20 and older. As of 2014 the social survey asks about using the internet via computer or mobile cellular phone,CENTRAL BUREAU OF STATISTICS,2026-02-02
11624,i99H,Internet users (%),% of individuals,ITU World Telecommunication Indicators Database,2020,Japan,JPN,,,,90.21945812,Aged 6 and older. In the last 12 months. Includes all holders of mobile phones,Ministry of Internal Affairs and Communications,2026-02-02
11632,i271mw,Active mobile-broadband subscriptions,Value,ITU World Telecommunication Indicators Database,2020,Japan,JPN,,,,192332027.0,,Ministry of Internal Affairs and Communications,2024-03-07
12047,xHH6_IDI,Estimated proportion of households with Internet access at home,% of households,ITU World Telecommunication Indicators Database,2020,Japan,JPN,,,,97.32250755,,Ministry of Internal Affairs and Communications,2026-02-02
260,i61,Population,Value,ITU World Telecommunication Indicators Database,2020,Japan,JPN,,,,126304543.0,,UN Population Division World Population Prospects 2024,2024-07-17
19257,i4213tfbb,Fixed-broadband subscriptions,Value,ITU World Telecommunication Indicators Database,2020,Japan,JPN,,,,44000791.0,Total does not equal the sum of subscriptions by speed since it included subscriptions with unknown speed.,Ministry of Internal Affairs and Communications,2023-06-29
19306,i271GA,Percentage of the population covered by at least an LTE/WiMAX mobile network.,% of individuals,ITU World Telecommunication Indicators Database,2020,Japan,JPN,,,,99.9,,Ministry of Internal Affairs and Communications,2023-06-29
19306,i271GA,Percentage of the population covered by at least an LTE/WiMAX mobile network.,% of individuals,ITU World Telecommunication Indicators Database,2020,Jamaica,JAM,,,,97.0,,Office of Utilities Regulation,2023-06-29
11624,i99H,Internet users (%),% of individuals,ITU World Telecommunication Indicators Database,2020,Jamaica,JAM,,,,76.38400269,All ages.,ITU estimate.,2025-12-11
11632,i271mw,Active mobile-broadband subscriptions,Value,ITU World Telecommunication Indicators Database,2020,Jamaica,JAM,,,,1741980.0,,Office of Utilities Regulation,2023-06-29
12047,xHH6_IDI,Estimated proportion of households with Internet access at home,% of households,ITU World Telecommunication Indicators Database,2020,Jamaica,JAM,,,,74.46858163,,ITU estimate.,2024-03-18
19257,i4213tfbb,Fixed-broadband subscriptions,Value,ITU World Telecommunication Indicators Database,2020,Jamaica,JAM,,,,385603.0,,Office of Utilities Regulation,2023-06-29
260,i61,Population,Value,ITU World Telecommunication Indicators Database,2020,Jamaica,JAM,,,,2830739.0,,UN Population Division World Population Prospects 2024,2024-07-16
260,i61,Population,Value,ITU World Telecommunication Indicators Database,2020,Kenya,KEN,,,,52217334.0,,UN Population Division World Population Prospects 2024,2024-07-16
19257,i4213tfbb,Fixed-broadband subscriptions,Value,ITU World Telecommunication Indicators Database,2020,Kenya,KEN,,,,674191.0,,Communications Authority  of Kenya,2023-06-29
19306,i271GA,Percentage of the population covered by at least an LTE/WiMAX mobile network.,% of individuals,ITU World Telecommunication Indicators Database,2020,Kenya,KEN,,,,77.0,,Communications Authority  of Kenya,2023-06-29
11632,i271mw,Active mobile-broadband subscriptions,Value,ITU World Telecommunication Indicators Database,2020,Kenya,KEN,,,,25144693.0,,Communications Authority  of Kenya,2023-06-29
11624,i99H,Internet users (%),% of individuals,ITU World Telecommunication Indicators Database,2020,Kenya,KEN,,,,24.7227993,Aged 3 and older.,ITU estimate.,2025-12-11
11632,i271mw,Active mobile-broadband subscriptions,Value,ITU World Telecommunication Indicators Database,2020,Madagascar,MDG,,,,4757652.0,,Autorité de Régulation des Technologies de Communication,2023-06-29
11624,i99H,Internet users (%),% of individuals,ITU World Telecommunication Indicators Database,2020,Madagascar,MDG,,,,11.35470009,,ITU estimate.,2025-12-11
12047,xHH6_IDI,Estimated proportion of households with Internet access at home,% of households,ITU World Telecommunication Indicators Database,2020,Madagascar,MDG,,,,10.81957471,,ITU estimate.,2024-03-18
260,i61,Population,Value,ITU World Telecommunication Indicators Database,2020,Madagascar,MDG,,,,28953556.0,,UN Population Division World Population Prospects 2024,2024-07-16
19257,i4213tfbb,Fixed-broadband subscriptions,Value,ITU World Telecommunication Indicators Database,2020,Madagascar,MDG,,,,32000.0,,Autorité de Régulation des Technologies de Communication,2023-06-29
19306,i271GA,Percentage of the population covered by at least an LTE/WiMAX mobile network.,% of individuals,ITU World Telecommunication Indicators Database,2020,Madagascar,MDG,,,,25.0,,Autorité de Régulation des Technologies de Communication,2023-06-29
19306,i271GA,Percentage of the population covered by at least an LTE/WiMAX mobile network.,% of individuals,ITU World Telecommunication Indicators Database,2020,Morocco,MAR,,,,98.75,,Agence Nationale de Réglementation des Télécommunications,2023-06-29
11632,i271mw,Active mobile-broadband subscriptions,Value,ITU World Telecommunication Indicators Database,2020,Morocco,MAR,,,,27743105.0,,Agence Nationale de Réglementation des Télécommunications,2023-06-29
11624,i99H,Internet users (%),% of individuals,ITU World Telecommunication Indicators Database,2020,Morocco,MAR,,,,84.12036305,Aged 5 and older.,Agence Nationale de Réglementation des Télécommunications,2026-02-02
12047,xHH6_IDI,Estimated proportion of households with Internet access at home,% of households,ITU World Telecommunication Indicators Database,2020,Morocco,MAR,,,,84.52001443,,Agence Nationale de Réglementation des Télécommunications,2026-02-02
19257,i4213tfbb,Fixed-broadband subscriptions,Value,ITU World Telecommunication Indicators Database,2020,Morocco,MAR,,,,2102434.0,,Agence Nationale de Réglementation des Télécommunications,2023-06-29
260,i61,Population,Value,ITU World Telecommunication Indicators Database,2020,Morocco,MAR,,,,36584208.0,,UN Population Division World Population Prospects 2024,2024-07-16
19257,i4213tfbb,Fixed-broadband subscriptions,Value,ITU World Telecommunication Indicators Database,2020,Papua New Guinea,PNG,,,,21000.0,,ITU estimate.,2021-12-23
260,i61,Population,Value,ITU World Telecommunication Indicators Database,2020,Papua New Guinea,PNG,,,,9815746.0,,UN Population Division World Population Prospects 2024,2024-07-17
12047,xHH6_IDI,Estimated proportion of households with Internet access at home,% of households,ITU World Telecommunication Indicators Database,2020,Papua New Guinea,PNG,,,,18.88434628,,ITU estimate.,2024-03-18
19306,i271GA,Percentage of the population covered by at least an LTE/WiMAX mobile network.,% of individuals,ITU World Telecommunication Indicators Database,2020,Papua New Guinea,PNG,,,,50.0,,ITU estimate.,2021-12-23
11632,i271mw,Active mobile-broadband subscriptions,Value,ITU World Telecommunication Indicators Database,2020,Papua New Guinea,PNG,,,,1100000.0,,ITU estimate.,2021-12-23
11624,i99H,Internet users (%),% of individuals,ITU World Telecommunication Indicators Database,2020,Papua New Guinea,PNG,,,,15.02040005,,ITU estimate.,2025-12-11
11632,i271mw,Active mobile-broadband subscriptions,Value,ITU World Telecommunication Indicators Database,2020,Rwanda,RWA,,,,5548624.0,,Rwanda Utilities Regulatory Authority (RURA),2023-06-29
11624,i99H,Internet users (%),% of individuals,ITU World Telecommunication Indicators Database,2020,Rwanda,RWA,,,,23.8,,National Institute of Statistics of Rwands - Integrated Household Living Conditions Survey 5 (EICV 5),2024-03-18
260,i61,Population,Value,ITU World Telecommunication Indicators Database,2020,Rwanda,RWA,,,,13065837.0,,UN Population Division World Population Prospects 2024,2024-07-16
12047,xHH6_IDI,Estimated proportion of households with Internet access at home,% of households,ITU World Telecommunication Indicators Database,2020,Rwanda,RWA,,,,15.16026155,,ITU estimate.,2024-03-18
19257,i4213tfbb,Fixed-broadband subscriptions,Value,ITU World Telecommunication Indicators Database,2020,Rwanda,RWA,,,,17685.0,,Rwanda Utilities Regulatory Authority (RURA),2023-06-29
19306,i271GA,Percentage of the population covered by at least an LTE/WiMAX mobile network.,% of individuals,ITU World Telecommunication Indicators Database,2020,Rwanda,RWA,,,,98.07,This decrease is due to the use of different tools for doing the prediction of network coverage.,Rwanda Utilities Regulatory Authority (RURA),2023-06-29
260,i61,Population,Value,ITU World Telecommunication Indicators Database,2020,Uganda,UGA,,,,44457152.0,,UN Population Division World Population Prospects 2024,2024-07-16
19257,i4213tfbb,Fixed-broadband subscriptions,Value,ITU World Telecommunication Indicators Database,2020,Uganda,UGA,,,,34596.0,,Uganda Communications Commission,2023-06-29
12047,xHH6_IDI,Estimated proportion of households with Internet access at home,% of households,ITU World Telecommunication Indicators Database,2020,Uganda,UGA,,,,15.50531469,,ITU estimate.,2026-02-02
19306,i271GA,Percentage of the population covered by at least an LTE/WiMAX mobile network.,% of individuals,ITU World Telecommunication Indicators Database,2020,Uganda,UGA,,,,31.0,"UCC revalidated and updated its coverage maps on the 4G mobile networks, which is why the coverage figure changed compared to the formerly reported figures.",Uganda Communications Commission,2023-06-29
11632,i271mw,Active mobile-broadband subscriptions,Value,ITU World Telecommunication Indicators Database,2020,Uganda,UGA,,,,20117033.0,"This segment has seen numerous growths mainly due to the following reasons:##1. There is a continuing shift in the delivery of last mile connectivity through the roll out of wireless hotspots by licensees like Roke telecom and Liquid telecom in residential neighbourhoods. ##2. Seasonality effects associated with December as well as promotional activity in the sale of smart phones by both independent vendors and through vendor/MNO partnerships. ##3. The shifting work culture caused by the COVID-19 pandemic, which led many businesses to adopt remote working methods.##4. Increased IOT use cases and mobile-based digital payment services in the market as more businesses digitise in the face of the global COVID-19 pandemic.##5. The shift in work cultures and digitisation of small businesses has also coincided with increased customer onboarding and promotional broadband campaigns in 2020 by different MNOs.",Uganda Communications Commission,2023-06-29
11624,i99H,Internet users (%),% of individuals,ITU World Telecommunication Indicators Database,2020,Uganda,UGA,,,,7.4,,Uganda Bureau of Statistics,2024-03-18
11624,i99H,Internet users (%),% of individuals,ITU World Telecommunication Indicators Database,2020,Ukraine,UKR,,,,75.03790912,All ages.,State Statistics Service of Ukraine,2026-02-02
11632,i271mw,Active mobile-broadband subscriptions,Value,ITU World Telecommunication Indicators Database,2020,Ukraine,UKR,,,,35596384.0,,State Service of Special Communications and Information Protection of Ukraine,2023-06-29
12047,xHH6_IDI,Estimated proportion of households with Internet access at home,% of households,ITU World Telecommunication Indicators Database,2020,Ukraine,UKR,,,,79.24946568,,State Statistics Service of Ukraine,2026-02-02
19257,i4213tfbb,Fixed-broadband subscriptions,Value,ITU World Telecommunication Indicators Database,2020,Ukraine,UKR,,,,7769401.0,,State Service of Special Communications and Information Protection of Ukraine,2023-06-29
260,i61,Population,Value,ITU World Telecommunication Indicators Database,2020,Ukraine,UKR,,,,41732779.0,"Excluding the temporarily occupied territories of the Autonomous Republic of Crimea, and the city of Sevastopol.",State Statistics Service of Ukraine,2024-06-25
19306,i271GA,Percentage of the population covered by at least an LTE/WiMAX mobile network.,% of individuals,ITU World Telecommunication Indicators Database,2020,Ukraine,UKR,,,,87.15,,State Service of Special Communications and Information Protection of Ukraine,2023-06-29
19306,i271GA,Percentage of the population covered by at least an LTE/WiMAX mobile network.,% of individuals,ITU World Telecommunication Indicators Database,2020,United States,USA,,,,99.9,Source: FCC Form 477 (Subject to Change).,U.S. Federal Communications Commission,2023-06-29
11624,i99H,Internet users (%),% of individuals,ITU World Telecommunication Indicators Database,2020,United States,USA,,,,90.34470367,,ITU estimate.,2025-12-11
11632,i271mw,Active mobile-broadband subscriptions,Value,ITU World Telecommunication Indicators Database,2020,United States,USA,,,,523908000.0,Source: Omdia.,U.S. Federal Communications Commission,2023-06-29
260,i61,Population,Value,ITU World Telecommunication Indicators Database,2020,United States,USA,,,,339436159.0,,UN Population Division World Population Prospects 2024,2024-07-17
12047,xHH6_IDI,Estimated proportion of households with Internet access at home,% of households,ITU World Telecommunication Indicators Database,2020,United States,USA,,,,90.55359604,,ITU estimate.,2024-03-18
19257,i4213tfbb,Fixed-broadband subscriptions,Value,ITU World Telecommunication Indicators Database,2020,United States,USA,,,,121232000.0,Source: FCC Form 477 (Preliminary and Subject to Change).,U.S. Federal Communications Commission,2023-06-29
19306,i271GA,Percentage of the population covered by at least an LTE/WiMAX mobile network.,% of individuals,ITU World Telecommunication Indicators Database,2019,Afghanistan,AFG,,,,22.0,,Afghanistan Telecommunication Regulatory Authority.,2021-04-12
12047,xHH6_IDI,Estimated proportion of households with Internet access at home,% of households,ITU World Telecommunication Indicators Database,2019,Afghanistan,AFG,,,,8.43811494417387,,ITU estimate,2021-11-29
260,i61,Population,Value,ITU World Telecommunication Indicators Database,2019,Afghanistan,AFG,,,,37856121.0,,UN Population Division World Population Prospects 2024,2024-07-17
19257,i4213tfbb,Fixed-broadband subscriptions,Value,ITU World Telecommunication Indicators Database,2019,Afghanistan,AFG,,,,19683.0,,Afghanistan Telecommunication Regulatory Authority.,2021-04-12
11624,i99H,Internet users (%),% of individuals,ITU World Telecommunication Indicators Database,2019,Afghanistan,AFG,,,,17.60000038,Asia Foundation,ITU estimate.,2025-12-11
11632,i271mw,Active mobile-broadband subscriptions,Value,ITU World Telecommunication Indicators Database,2019,Afghanistan,AFG,,,,7309797.0,,Afghanistan Telecommunication Regulatory Authority.,2021-04-12
11632,i271mw,Active mobile-broadband subscriptions,Value,ITU World Telecommunication Indicators Database,2019,Angola,AGO,,,,6740418.0,,Angolan Institute of Communications,2022-10-14
11624,i99H,Internet users (%),% of individuals,ITU World Telecommunication Indicators Database,2019,Angola,AGO,,,,32.12939835,,ITU estimate.,2025-12-11
19306,i271GA,Percentage of the population covered by at least an LTE/WiMAX mobile network.,% of individuals,ITU World Telecommunication Indicators Database,2019,Angola,AGO,,,,18.0,,Angolan Institute of Communications,2022-10-14
19257,i4213tfbb,Fixed-broadband subscriptions,Value,ITU World Telecommunication Indicators Database,2019,Angola,AGO,,,,119068.0,,Angolan Institute of Communications,2022-10-14
260,i61,Population,Value,ITU World Telecommunication Indicators Database,2019,Angola,AGO,,,,32375632.0,,UN Population Division World Population Prospects 2024,2024-07-16
12047,xHH6_IDI,Estimated proportion of households with Internet access at home,% of households,ITU World Telecommunication Indicators Database,2019,Angola,AGO,,,,8.01644115736939,,ITU estimate,2021-11-29
19257,i4213tfbb,Fixed-broadband subscriptions,Value,ITU World Telecommunication Indicators Database,2019,Armenia,ARM,,,,385704.0,,Ministry of High-Tech Industry of Armenia,2022-09-30
260,i61,Population,Value,ITU World Telecommunication Indicators Database,2019,Armenia,ARM,,,,2903972.0,,UN Population Division World Population Prospects 2024,2024-07-17
12047,xHH6_IDI,Estimated proportion of households with Internet access at home,% of households,ITU World Telecommunication Indicators Database,2019,Armenia,ARM,,,,76.3871997333651,,The Statistical Committee of the Republic of Armenia ,2024-01-23
11624,i99H,Internet users (%),% of individuals,ITU World Telecommunication Indicators Database,2019,Armenia,ARM,,,,66.5439496866159,,The Statistical Committee of the Republic of Armenia ,2024-01-23
11632,i271mw,Active mobile-broadband subscriptions,Value,ITU World Telecommunication Indicators Database,2019,Armenia,ARM,,,,2330709.0,,Ministry of High-Tech Industry of Armenia,2022-09-30
19306,i271GA,Percentage of the population covered by at least an LTE/WiMAX mobile network.,% of individuals,ITU World Telecommunication Indicators Database,2019,Armenia,ARM,,,,99.3,,Ministry of High-Tech Industry of Armenia,2022-09-30
19306,i271GA,Percentage of the population covered by at least an LTE/WiMAX mobile network.,% of individuals,ITU World Telecommunication Indicators Database,2019,Burkina Faso,BFA,,,,26.92,,ARCEP,2022-03-20
19257,i4213tfbb,Fixed-broadband subscriptions,Value,ITU World Telecommunication Indicators Database,2019,Burkina Faso,BFA,,,,12015.0,,ARCEP,2022-03-20
260,i61,Population,Value,ITU World Telecommunication Indicators Database,2019,Burkina Faso,BFA,,,,20961952.0,,UN Population Division World Population Prospects 2024,2024-07-16
12047,xHH6_IDI,Estimated proportion of households with Internet access at home,% of households,ITU World Telecommunication Indicators Database,2019,Burkina Faso,BFA,,,,3.39998693340122,,Institut National de la Statistique et de la Demographie,2024-01-23
11624,i99H,Internet users (%),% of individuals,ITU World Telecommunication Indicators Database,2019,Burkina Faso,BFA,,,,9.27180600953186,,Institut National de la Statistique et de la Demographie,2024-01-23
11632,i271mw,Active mobile-broadband subscriptions,Value,ITU World Telecommunication Indicators Database,2019,Burkina Faso,BFA,,,,6441178.0,,ARCEP,2022-03-20
11632,i271mw,Active mobile-broadband subscriptions,Value,ITU World Telecommunication Indicators Database,2019,Botswana,BWA,,,,2037359.0,,Botswana Communications Regulatory Authority (BOCRA),2022-10-15
11624,i99H,Internet users (%),% of individuals,ITU World Telecommunication Indicators Database,2019,Botswana,BWA,,,,48.82279968,,ITU estimate.,2025-12-11
19306,i271GA,Percentage of the population covered by at least an LTE/WiMAX mobile network.,% of individuals,ITU World Telecommunication Indicators Database,2019,Botswana,BWA,,,,68.0,value for the largest operator,Botswana Communications Regulatory Authority (BOCRA),2022-10-15
19257,i4213tfbb,Fixed-broadband subscriptions,Value,ITU World Telecommunication Indicators Database,2019,Botswana,BWA,,,,49044.0,,Botswana Communications Regulatory Authority (BOCRA),2023-07-12
260,i61,Population,Value,ITU World Telecommunication Indicators Database,2019,Botswana,BWA,,,,2332083.0,,UN Population Division World Population Prospects 2024,2024-07-16
12047,xHH6_IDI,Estimated proportion of households with Internet access at home,% of households,ITU World Telecommunication Indicators Database,2019,Botswana,BWA,,,,63.4542562916394,,Statistics Botswana,2024-01-23
260,i61,Population,Value,ITU World Telecommunication Indicators Database,2019,Barbados,BRB,,,,281207.0,,UN Population Division World Population Prospects 2024,2024-07-16
12047,xHH6_IDI,Estimated proportion of households with Internet access at home,% of households,ITU World Telecommunication Indicators Database,2019,Barbados,BRB,,,,85.1227359420276,,ITU estimate,2021-11-29
19257,i4213tfbb,Fixed-broadband subscriptions,Value,ITU World Telecommunication Indicators Database,2019,Barbados,BRB,,,,106803.0,,MIST,2022-04-19
11624,i99H,Internet users (%),% of individuals,ITU World Telecommunication Indicators Database,2019,Barbados,BRB,,,,70.30709839,,ITU estimate.,2025-12-11
11632,i271mw,Active mobile-broadband subscriptions,Value,ITU World Telecommunication Indicators Database,2019,Barbados,BRB,,,,121218.0,,MIST,2022-04-19
19306,i271GA,Percentage of the population covered by at least an LTE/WiMAX mobile network.,% of individuals,ITU World Telecommunication Indicators Database,2019,Barbados,BRB,,,,99.6,,MIST,2022-04-19
19306,i271GA,Percentage of the population covered by at least an LTE/WiMAX mobile network.,% of individuals,ITU World Telecommunication Indicators Database,2019,Cambodia,KHM,,,,80.3,,Telecommunication Regulator of Cambodia (TRC),2022-10-14
19257,i4213tfbb,Fixed-broadband subscriptions,Value,ITU World Telecommunication Indicators Database,2019,Cambodia,KHM,,,,184379.0,Slowly increase as focus is on mobile internet,Telecommunication Regulator of Cambodia (TRC),2022-10-14
260,i61,Population,Value,ITU World Telecommunication Indicators Database,2019,Cambodia,KHM,,,,16481304.0,,UN Population Division World Population Prospects 2024,2024-07-17
12047,xHH6_IDI,Estimated proportion of households with Internet access at home,% of households,ITU World Telecommunication Indicators Database,2019,Cambodia,KHM,,,,50.0115562498077,,National Institute of Statistics,2024-01-23
11632,i271mw,Active mobile-broadband subscriptions,Value,ITU World Telecommunication Indicators Database,2019,Cambodia,KHM,,,,15898958.0,Mobile Broadband maintained a strong growth in 2018 as OTT Apps became handy tools for people,Telecommunication Regulator of Cambodia (TRC),2022-10-14
11624,i99H,Internet users (%),% of individuals,ITU World Telecommunication Indicators Database,2019,Cambodia,KHM,,,,52.305878224498,,National Institute of Statistics,2024-01-23
11624,i99H,Internet users (%),% of individuals,ITU World Telecommunication Indicators Database,2019,Colombia,COL,,,,65.0069007159493,"Información preliminar puesto que al momento del diligenciamiento de este cuestionario no ha sido publicados todavía por el DANE. Los datos son expandidos con proyecciones de población, elaboradas con base en los resultados del censo 2005. La población objetivo de la encuesta corresponde a las personas de 5 años y más de edad.",Departamento Administrativo Nacional de Estadistica (DANE),2024-01-23
11632,i271mw,Active mobile-broadband subscriptions,Value,ITU World Telecommunication Indicators Database,2019,Colombia,COL,,,,29533312.0,Source: Colombia TIC,Ministerio de Tecnologías de la Información y las Comunicaciones,2022-09-30
19306,i271GA,Percentage of the population covered by at least an LTE/WiMAX mobile network.,% of individuals,ITU World Telecommunication Indicators Database,2019,Colombia,COL,,,,98.0,"Source: Colombia TIC, Se infiere toda la población de los municipios a las cabeceras municipales de acuerdo a la desagraciacion poblacional provista por la Entidad Estadística Nacional ##",Ministerio de Tecnologías de la Información y las Comunicaciones,2022-09-30
260,i61,Population,Value,ITU World Telecommunication Indicators Database,2019,Colombia,COL,,,,49907985.0,,UN Population Division World Population Prospects 2024,2024-07-17
19257,i4213tfbb,Fixed-broadband subscriptions,Value,ITU World Telecommunication Indicators Database,2019,Colombia,COL,,,,6949852.0,Source: Colombia TIC,Ministerio de Tecnologías de la Información y las Comunicaciones,2022-09-30
12047,xHH6_IDI,Estimated proportion of households with Internet access at home,% of households,ITU World Telecommunication Indicators Database,2019,Colombia,COL,,,,52.1603201400613,"Los datos son expandidos con proyecciones de población, elaboradas con base en los resultados del censo 2005. La población objetivo de la encuesta corresponde a las personas de 5 años y más de edad.",Departamento Administrativo Nacional de Estadistica (DANE),2024-01-23
12047,xHH6_IDI,Estimated proportion of households with Internet access at home,% of households,ITU World Telecommunication Indicators Database,2019,Spain,ESP,,,,91.4376200810825,HHs with at least one member aged 16 to 74,Instituto Nacional de Estadistica,2024-01-23
260,i61,Population,Value,ITU World Telecommunication Indicators Database,2019,Spain,ESP,,,,47435119.0,,UN Population Division World Population Prospects 2024,2024-07-16
19257,i4213tfbb,Fixed-broadband subscriptions,Value,ITU World Telecommunication Indicators Database,2019,Spain,ESP,,,,15616591.0,The figure has changed,Comisión Nacional de los Mercados y la Competencia,2022-09-29
11624,i99H,Internet users (%),% of individuals,ITU World Telecommunication Indicators Database,2019,Spain,ESP,,,,90.718665325267,Last 3 months##Individuals between 16 and 74 years old,Instituto Nacional de Estadistica,2024-01-23
11632,i271mw,Active mobile-broadband subscriptions,Value,ITU World Telecommunication Indicators Database,2019,Spain,ESP,,,,48109607.0,,Comisión Nacional de los Mercados y la Competencia,2022-09-29
19306,i271GA,Percentage of the population covered by at least an LTE/WiMAX mobile network.,% of individuals,ITU World Telecommunication Indicators Database,2019,Spain,ESP,,,,99.4,,Comisión Nacional de los Mercados y la Competencia,2022-09-29
19306,i271GA,Percentage of the population covered by at least an LTE/WiMAX mobile network.,% of individuals,ITU World Telecommunication Indicators Database,2019,Ethiopia,ETH,,,,7.0,,ITU estimate.,2021-12-23
260,i61,Population,Value,ITU World Telecommunication Indicators Database,2019,Ethiopia,ETH,,,,115737383.0,,UN Population Division World Population Prospects 2024,2024-07-16
19257,i4213tfbb,Fixed-broadband subscriptions,Value,ITU World Telecommunication Indicators Database,2019,Ethiopia,ETH,,,,159000.0,,ITU estimate.,2021-12-23
11624,i99H,Internet users (%),% of individuals,ITU World Telecommunication Indicators Database,2019,Ethiopia,ETH,,,,15.98460007,,ITU estimate.,2025-12-11
11632,i271mw,Active mobile-broadband subscriptions,Value,ITU World Telecommunication Indicators Database,2019,Ethiopia,ETH,,,,19111000.0,,ITU estimate.,2021-12-23
11624,i99H,Internet users (%),% of individuals,ITU World Telecommunication Indicators Database,2019,Honduras,HND,,,,39.3883521850111,,INE.,2024-01-23
11632,i271mw,Active mobile-broadband subscriptions,Value,ITU World Telecommunication Indicators Database,2019,Honduras,HND,,,,4395696.0,,Comisión Nacional de Telecomunicaciones (CONATEL),2022-09-29
19306,i271GA,Percentage of the population covered by at least an LTE/WiMAX mobile network.,% of individuals,ITU World Telecommunication Indicators Database,2019,Honduras,HND,,,,67.85,Estimación realizada en base a las poblaciones cubiertas por la cobertura reportada por los operadores,Comisión Nacional de Telecomunicaciones (CONATEL),2022-09-29
12047,xHH6_IDI,Estimated proportion of households with Internet access at home,% of households,ITU World Telecommunication Indicators Database,2019,Honduras,HND,,,,36.4684147375359,,ITU estimate,2021-11-29
19257,i4213tfbb,Fixed-broadband subscriptions,Value,ITU World Telecommunication Indicators Database,2019,Honduras,HND,,,,390377.0,,Comisión Nacional de Telecomunicaciones (CONATEL),2022-09-29
260,i61,Population,Value,ITU World Telecommunication Indicators Database,2019,Honduras,HND,,,,9943633.0,,UN Population Division World Population Prospects 2024,2024-07-16
260,i61,Population,Value,ITU World Telecommunication Indicators Database,2019,India,IND,,,,1389030312.0,,UN Population Division World Population Prospects 2024,2024-07-17
19257,i4213tfbb,Fixed-broadband subscriptions,Value,ITU World Telecommunication Indicators Database,2019,India,IND,,,,19156559.0,December 2019,Department of Telecommunications,2022-10-15
11632,i271mw,Active mobile-broadband subscriptions,Value,ITU World Telecommunication Indicators Database,2019,India,IND,,,,642799000.0,December 2019,Department of Telecommunications,2022-10-15
11624,i99H,Internet users (%),% of individuals,ITU World Telecommunication Indicators Database,2019,India,IND,,,,29.52350044,,ITU estimate.,2025-12-11
19306,i271GA,Percentage of the population covered by at least an LTE/WiMAX mobile network.,% of individuals,ITU World Telecommunication Indicators Database,2019,India,IND,,,,97.92,December 2019,Department of Telecommunications,2022-10-15
19306,i271GA,Percentage of the population covered by at least an LTE/WiMAX mobile network.,% of individuals,ITU World Telecommunication Indicators Database,2019,Indonesia,IDN,,,,97.59,Ministry of Communications and Informatics,Ministry of Communications and Informatics,2022-09-30
260,i61,Population,Value,ITU World Telecommunication Indicators Database,2019,Indonesia,IDN,,,,272489381.0,,UN Population Division World Population Prospects 2024,2024-07-17
19257,i4213tfbb,Fixed-broadband subscriptions,Value,ITU World Telecommunication Indicators Database,2019,Indonesia,IDN,,,,10284364.0,Ministry of Communications and Informatics,Ministry of Communications and Informatics,2022-09-30
12047,xHH6_IDI,Estimated proportion of households with Internet access at home,% of households,ITU World Telecommunication Indicators Database,2019,Indonesia,IDN,,,,73.7498500279031,,BPS-Statistics Indonesia,2024-01-23
11632,i271mw,Active mobile-broadband subscriptions,Value,ITU World Telecommunication Indicators Database,2019,Indonesia,IDN,,,,219762853.0,Not all operators have submitted their data due to COVID-19 pandemic situation.,Ministry of Communications and Informatics,2022-09-30
11624,i99H,Internet users (%),% of individuals,ITU World Telecommunication Indicators Database,2019,Indonesia,IDN,,,,47.6906489788375,,BPS-Statistics Indonesia,2024-01-23
11632,i271mw,Active mobile-broadband subscriptions,Value,ITU World Telecommunication Indicators Database,2019,Iraq,IRQ,,,,16532661.0,,Communications and Media Commission,2022-11-04
11624,i99H,Internet users (%),% of individuals,ITU World Telecommunication Indicators Database,2019,Iraq,IRQ,,,,44.3263465511579,,Central Organization for Statistics And Information Technology,2024-01-23
19306,i271GA,Percentage of the population covered by at least an LTE/WiMAX mobile network.,% of individuals,ITU World Telecommunication Indicators Database,2019,Iraq,IRQ,,,,0.0,LTE Licenses has not yet been issued.,Communications and Media Commission,2022-11-04
260,i61,Population,Value,ITU World Telecommunication Indicators Database,2019,Iraq,IRQ,,,,41192171.0,,UN Population Division World Population Prospects 2024,2024-07-17
19257,i4213tfbb,Fixed-broadband subscriptions,Value,ITU World Telecommunication Indicators Database,2019,Iraq,IRQ,,,,4559053.0,,Communications and Media Commission,2022-11-04
12047,xHH6_IDI,Estimated proportion of households with Internet access at home,% of households,ITU World Telecommunication Indicators Database,2019,Iraq,IRQ,,,,64.5227644388133,,Central Organization for Statistics And Information Technology,2024-01-23
19257,i4213tfbb,Fixed-broadband subscriptions,Value,ITU World Telecommunication Indicators Database,2019,Israel,ISR,,,,2480952.0,,Ministry of Communications,2022-11-06
12047,xHH6_IDI,Estimated proportion of households with Internet access at home,% of households,ITU World Telecommunication Indicators Database,2019,Israel,ISR,,,,73.3029814277658,,CENTRAL BUREAU OF STATISTICS,2024-01-23
260,i61,Population,Value,ITU World Telecommunication Indicators Database,2019,Israel,ISR,,,,8657474.0,,UN Population Division World Population Prospects 2024,2024-07-17
11632,i271mw,Active mobile-broadband subscriptions,Value,ITU World Telecommunication Indicators Database,2019,Israel,ISR,,,,9800000.0,estimated.,Ministry of Communications,2022-11-06
11624,i99H,Internet users (%),% of individuals,ITU World Telecommunication Indicators Database,2019,Israel,ISR,,,,86.7878776180583,"starting from 2014, the ISS asks about internet usage via a computer, or a mobile cellular phone",CENTRAL BUREAU OF STATISTICS,2024-01-23
19306,i271GA,Percentage of the population covered by at least an LTE/WiMAX mobile network.,% of individuals,ITU World Telecommunication Indicators Database,2019,Israel,ISR,,,,94.0,,Ministry of Communications,2022-11-06
19306,i271GA,Percentage of the population covered by at least an LTE/WiMAX mobile network.,% of individuals,ITU World Telecommunication Indicators Database,2019,Japan,JPN,,,,99.9,,Ministry of Internal Affairs and Communications,2022-12-10
19257,i4213tfbb,Fixed-broadband subscriptions,Value,ITU World Telecommunication Indicators Database,2019,Japan,JPN,,,,42502489.0,Total does not equal the sum of subscriptions by speed since it included subscriptions with unknown speed.,Ministry of Internal Affairs and Communications,2022-10-11
12047,xHH6_IDI,Estimated proportion of households with Internet access at home,% of households,ITU World Telecommunication Indicators Database,2019,Japan,JPN,,,,96.8523413897281,Estimated by the following method; (The number of households by which the age of householder is more than 20 years old)*(Survey result(%)),Ministry of Internal Affairs and Communications,2024-01-23
260,i61,Population,Value,ITU World Telecommunication Indicators Database,2019,Japan,JPN,,,,126699424.0,,UN Population Division World Population Prospects 2024,2024-07-17
11624,i99H,Internet users (%),% of individuals,ITU World Telecommunication Indicators Database,2019,Japan,JPN,,,,92.7303978145525,estimated by the following method. (The estimation population of more than 6 years old)×(Survey result(%)). Used in the last 12 months. Includes all holders of mobile phones,Ministry of Internal Affairs and Communications,2024-01-23
11632,i271mw,Active mobile-broadband subscriptions,Value,ITU World Telecommunication Indicators Database,2019,Japan,JPN,,,,184804577.0,,Ministry of Internal Affairs and Communications,2024-03-07
11624,i99H,Internet users (%),% of individuals,ITU World Telecommunication Indicators Database,2019,Jamaica,JAM,,,,70.8410169743356,,Statistical Institute of Jamaica,2024-01-23
11632,i271mw,Active mobile-broadband subscriptions,Value,ITU World Telecommunication Indicators Database,2019,Jamaica,JAM,,,,1630742.0,,Office of Utilities Regulation,2022-10-15
19306,i271GA,Percentage of the population covered by at least an LTE/WiMAX mobile network.,% of individuals,ITU World Telecommunication Indicators Database,2019,Jamaica,JAM,,,,94.0,,Office of Utilities Regulation,2022-10-15
19257,i4213tfbb,Fixed-broadband subscriptions,Value,ITU World Telecommunication Indicators Database,2019,Jamaica,JAM,,,,317907.0,,Office of Utilities Regulation,2022-10-15
12047,xHH6_IDI,Estimated proportion of households with Internet access at home,% of households,ITU World Telecommunication Indicators Database,2019,Jamaica,JAM,,,,73.5722814536933,,Statistical Institute of Jamaica,2024-01-23
260,i61,Population,Value,ITU World Telecommunication Indicators Database,2019,Jamaica,JAM,,,,2823271.0,,UN Population Division World Population Prospects 2024,2024-07-16
260,i61,Population,Value,ITU World Telecommunication Indicators Database,2019,Kenya,KEN,,,,51202827.0,,UN Population Division World Population Prospects 2024,2024-07-16
19257,i4213tfbb,Fixed-broadband subscriptions,Value,ITU World Telecommunication Indicators Database,2019,Kenya,KEN,,,,491183.0,,Communications Authority  of Kenya,2022-09-21
12047,xHH6_IDI,Estimated proportion of households with Internet access at home,% of households,ITU World Telecommunication Indicators Database,2019,Kenya,KEN,,,,17.9530494113258,Asked as households with the internet. included households with either mobile and/or fixed networks or both,Kenya National Bureau of Statistics,2024-01-23
11632,i271mw,Active mobile-broadband subscriptions,Value,ITU World Telecommunication Indicators Database,2019,Kenya,KEN,,,,21595570.0,There was minimal increase because the methodology for this indicator was slight revised and we collect this data in terms of 3G and LTE active subscriptions because measuring using handset-based subscriptions was giving us incorrect figures due to multiple counting caused by rampant cases of sharing mobile hand sets especially in rural Kenya where most people cannot afford mobile phones but they own SIM cards,Communications Authority  of Kenya,2022-09-21
11624,i99H,Internet users (%),% of individuals,ITU World Telecommunication Indicators Database,2019,Kenya,KEN,,,,22.6687733618171,,KENYA NATIONAL BUREAU OF STATISTICS,2024-01-23
19306,i271GA,Percentage of the population covered by at least an LTE/WiMAX mobile network.,% of individuals,ITU World Telecommunication Indicators Database,2019,Kenya,KEN,,,,57.0,,Communications Authority  of Kenya,2022-09-21
19306,i271GA,Percentage of the population covered by at least an LTE/WiMAX mobile network.,% of individuals,ITU World Telecommunication Indicators Database,2019,Madagascar,MDG,,,,25.0,,Autorité de Régulation des Technologies de Communication,2022-09-29
19257,i4213tfbb,Fixed-broadband subscriptions,Value,ITU World Telecommunication Indicators Database,2019,Madagascar,MDG,,,,30000.0,,Autorité de Régulation des Technologies de Communication,2022-09-29
12047,xHH6_IDI,Estimated proportion of households with Internet access at home,% of households,ITU World Telecommunication Indicators Database,2019,Madagascar,MDG,,,,13.3225624855966,,ITU estimate,2021-11-29
260,i61,Population,Value,ITU World Telecommunication Indicators Database,2019,Madagascar,MDG,,,,28219554.0,,UN Population Division World Population Prospects 2024,2024-07-16
11624,i99H,Internet users (%),% of individuals,ITU World Telecommunication Indicators Database,2019,Madagascar,MDG,,,,9.379400253,,ITU estimate.,2025-12-11
11632,i271mw,Active mobile-broadband subscriptions,Value,ITU World Telecommunication Indicators Database,2019,Madagascar,MDG,,,,4396445.0,,Autorité de Régulation des Technologies de Communication,2022-09-29
11624,i99H,Internet users (%),% of individuals,ITU World Telecommunication Indicators Database,2019,Morocco,MAR,,,,84.1203630467602,,Agence Nationale de Réglementation des Télécommunications,2024-01-23
11632,i271mw,Active mobile-broadband subscriptions,Value,ITU World Telecommunication Indicators Database,2019,Morocco,MAR,,,,23677204.0,,Agence Nationale de Réglementation des Télécommunications,2022-09-26
19306,i271GA,Percentage of the population covered by at least an LTE/WiMAX mobile network.,% of individuals,ITU World Telecommunication Indicators Database,2019,Morocco,MAR,,,,98.75,,Agence Nationale de Réglementation des Télécommunications,2022-09-26
19257,i4213tfbb,Fixed-broadband subscriptions,Value,ITU World Telecommunication Indicators Database,2019,Morocco,MAR,,,,1751341.0,,Agence Nationale de Réglementation des Télécommunications,2022-09-26
12047,xHH6_IDI,Estimated proportion of households with Internet access at home,% of households,ITU World Telecommunication Indicators Database,2019,Morocco,MAR,,,,84.5200144295972,,Agence Nationale de Réglementation des Télécommunications,2024-01-23
260,i61,Population,Value,ITU World Telecommunication Indicators Database,2019,Morocco,MAR,,,,36210898.0,,UN Population Division World Population Prospects 2024,2024-07-16
19257,i4213tfbb,Fixed-broadband subscriptions,Value,ITU World Telecommunication Indicators Database,2019,Papua New Guinea,PNG,,,,20000.0,,ITU estimate.,2021-12-23
260,i61,Population,Value,ITU World Telecommunication Indicators Database,2019,Papua New Guinea,PNG,,,,9609010.0,,UN Population Division World Population Prospects 2024,2024-07-17
11624,i99H,Internet users (%),% of individuals,ITU World Telecommunication Indicators Database,2019,Papua New Guinea,PNG,,,,13.62419987,,ITU estimate.,2025-12-11
11632,i271mw,Active mobile-broadband subscriptions,Value,ITU World Telecommunication Indicators Database,2019,Papua New Guinea,PNG,,,,1035000.0,,ITU estimate.,2021-12-23
19306,i271GA,Percentage of the population covered by at least an LTE/WiMAX mobile network.,% of individuals,ITU World Telecommunication Indicators Database,2019,Papua New Guinea,PNG,,,,50.0,,ITU estimate.,2021-12-23
19306,i271GA,Percentage of the population covered by at least an LTE/WiMAX mobile network.,% of individuals,ITU World Telecommunication Indicators Database,2019,Rwanda,RWA,,,,98.9,,Rwanda Utilities Regulatory Authority (RURA),2022-11-14
260,i61,Population,Value,ITU World Telecommunication Indicators Database,2019,Rwanda,RWA,,,,12776103.0,,UN Population Division World Population Prospects 2024,2024-07-16
19257,i4213tfbb,Fixed-broadband subscriptions,Value,ITU World Telecommunication Indicators Database,2019,Rwanda,RWA,,,,8885.0,,Rwanda Utilities Regulatory Authority (RURA),2022-11-14
12047,xHH6_IDI,Estimated proportion of households with Internet access at home,% of households,ITU World Telecommunication Indicators Database,2019,Rwanda,RWA,,,,15.8710124347498,,ITU estimate,2021-11-29
11624,i99H,Internet users (%),% of individuals,ITU World Telecommunication Indicators Database,2019,Rwanda,RWA,,,,21.3579998,,ITU estimate.,2025-12-11
11632,i271mw,Active mobile-broadband subscriptions,Value,ITU World Telecommunication Indicators Database,2019,Rwanda,RWA,,,,5341692.0,,Rwanda Utilities Regulatory Authority (RURA),2022-11-14
260,i61,Population,Value,ITU World Telecommunication Indicators Database,2019,Uganda,UGA,,,,42999637.0,,UN Population Division World Population Prospects 2024,2024-07-16
12047,xHH6_IDI,Estimated proportion of households with Internet access at home,% of households,ITU World Telecommunication Indicators Database,2019,Uganda,UGA,,,,11.0667016499428,,ITU estimate,2021-11-29
19257,i4213tfbb,Fixed-broadband subscriptions,Value,ITU World Telecommunication Indicators Database,2019,Uganda,UGA,,,,32370.0,,Uganda Communications Commission,2022-10-13
11632,i271mw,Active mobile-broadband subscriptions,Value,ITU World Telecommunication Indicators Database,2019,Uganda,UGA,,,,16971559.0,,Uganda Communications Commission,2022-10-13
11624,i99H,Internet users (%),% of individuals,ITU World Telecommunication Indicators Database,2019,Uganda,UGA,,,,11.72579956,,ITU estimate.,2025-12-11
19306,i271GA,Percentage of the population covered by at least an LTE/WiMAX mobile network.,% of individuals,ITU World Telecommunication Indicators Database,2019,Uganda,UGA,,,,40.0,,Uganda Communications Commission,2022-10-13
19306,i271GA,Percentage of the population covered by at least an LTE/WiMAX mobile network.,% of individuals,ITU World Telecommunication Indicators Database,2019,Ukraine,UKR,,,,78.1,,State Service of Special Communications and Information Protection of Ukraine,2022-10-01
19257,i4213tfbb,Fixed-broadband subscriptions,Value,ITU World Telecommunication Indicators Database,2019,Ukraine,UKR,,,,6784185.0,,State Service of Special Communications and Information Protection of Ukraine,2022-10-01
260,i61,Population,Value,ITU World Telecommunication Indicators Database,2019,Ukraine,UKR,,,,41983600.0,"Excluding the temporarily occupied territories of the Autonomous Republic of Crimea, and the city of Sevastopol.",State Statistics Service of Ukraine,2019-10-29
12047,xHH6_IDI,Estimated proportion of households with Internet access at home,% of households,ITU World Telecommunication Indicators Database,2019,Ukraine,UKR,,,,65.7804482685701,,State Statistics Service of Ukraine,2024-01-23
11632,i271mw,Active mobile-broadband subscriptions,Value,ITU World Telecommunication Indicators Database,2019,Ukraine,UKR,,,,32453000.0,,State Service of Special Communications and Information Protection of Ukraine,2022-10-01
11624,i99H,Internet users (%),% of individuals,ITU World Telecommunication Indicators Database,2019,Ukraine,UKR,,,,70.1248442995263,Information about the number of the population who reported that they made use of the Internet services during the last 12 months is presented.,State Statistics Service of Ukraine,2024-01-23
11624,i99H,Internet users (%),% of individuals,ITU World Telecommunication Indicators Database,2019,United States,USA,,,,89.4302848575712,,US Census Bureau,2024-01-23
11632,i271mw,Active mobile-broadband subscriptions,Value,ITU World Telecommunication Indicators Database,2019,United States,USA,,,,492896000.0,Source: Omdia.,U.S. Federal Communications Commission,2022-09-30
19306,i271GA,Percentage of the population covered by at least an LTE/WiMAX mobile network.,% of individuals,ITU World Telecommunication Indicators Database,2019,United States,USA,,,,99.9,Source: FCC Form 477 (Subject to Change).,U.S. Federal Communications Commission,2022-09-30
12047,xHH6_IDI,Estimated proportion of households with Internet access at home,% of households,ITU World Telecommunication Indicators Database,2019,United States,USA,,,,86.6123778501629,Households with Internet subscription. Does not include access without subscription.  Includes dial-up internet.  ##,US Census Bureau,2024-01-23
260,i61,Population,Value,ITU World Telecommunication Indicators Database,2019,United States,USA,,,,337790067.0,,UN Population Division World Population Prospects 2024,2024-07-17
19257,i4213tfbb,Fixed-broadband subscriptions,Value,ITU World Telecommunication Indicators Database,2019,United States,USA,,,,114292000.0,Source: FCC Form 477 (Preliminary and Subject to Change).,U.S. Federal Communications Commission,2022-09-30
19257,i4213tfbb,Fixed-broadband subscriptions,Value,ITU World Telecommunication Indicators Database,2018,Afghanistan,AFG,,,,15999.0,,Afghanistan Telecommunication Regulatory Authority.,2021-04-12
260,i61,Population,Value,ITU World Telecommunication Indicators Database,2018,Afghanistan,AFG,,,,36743039.0,,UN Population Division World Population Prospects 2024,2024-07-17
12047,xHH6_IDI,Estimated proportion of households with Internet access at home,% of households,ITU World Telecommunication Indicators Database,2018,Afghanistan,AFG,,,,7.27030359587061,,ITU estimate,2021-11-29
19306,i271GA,Percentage of the population covered by at least an LTE/WiMAX mobile network.,% of individuals,ITU World Telecommunication Indicators Database,2018,Afghanistan,AFG,,,,7.0,,Afghanistan Telecommunication Regulatory Authority.,2021-04-12
11624,i99H,Internet users (%),% of individuals,ITU World Telecommunication Indicators Database,2018,Afghanistan,AFG,,,,16.79999924,Asia Foundation,ITU estimate.,2025-12-11
11632,i271mw,Active mobile-broadband subscriptions,Value,ITU World Telecommunication Indicators Database,2018,Afghanistan,AFG,,,,6997208.0,,Afghanistan Telecommunication Regulatory Authority.,2021-04-12
11624,i99H,Internet users (%),% of individuals,ITU World Telecommunication Indicators Database,2018,Angola,AGO,,,,29.0,,ITU estimate.,2021-09-08
11632,i271mw,Active mobile-broadband subscriptions,Value,ITU World Telecommunication Indicators Database,2018,Angola,AGO,,,,5820154.0,,INACOM,2021-10-04
260,i61,Population,Value,ITU World Telecommunication Indicators Database,2018,Angola,AGO,,,,31297155.0,,UN Population Division World Population Prospects 2024,2024-07-16
12047,xHH6_IDI,Estimated proportion of households with Internet access at home,% of households,ITU World Telecommunication Indicators Database,2018,Angola,AGO,,,,6.71140094521841,,INE - National Institute of Statistics,2024-01-23
19257,i4213tfbb,Fixed-broadband subscriptions,Value,ITU World Telecommunication Indicators Database,2018,Angola,AGO,,,,109561.0,,INACOM,2021-10-04
19306,i271GA,Percentage of the population covered by at least an LTE/WiMAX mobile network.,% of individuals,ITU World Telecommunication Indicators Database,2018,Angola,AGO,,,,8.0,,INACOM,2021-10-04
19306,i271GA,Percentage of the population covered by at least an LTE/WiMAX mobile network.,% of individuals,ITU World Telecommunication Indicators Database,2018,Armenia,ARM,,,,99.1,,Ministry of High-Tech Industry of Armenia,2021-10-18
11632,i271mw,Active mobile-broadband subscriptions,Value,ITU World Telecommunication Indicators Database,2018,Armenia,ARM,,,,2152778.0,,Ministry of High-Tech Industry of Armenia,2022-01-10
11624,i99H,Internet users (%),% of individuals,ITU World Telecommunication Indicators Database,2018,Armenia,ARM,,,,68.2450522610271,,The Statistical Committee of the Republic of Armenia ,2024-01-23
12047,xHH6_IDI,Estimated proportion of households with Internet access at home,% of households,ITU World Telecommunication Indicators Database,2018,Armenia,ARM,,,,67.5841842736519,,The Statistical Committee of the Republic of Armenia ,2024-01-23
19257,i4213tfbb,Fixed-broadband subscriptions,Value,ITU World Telecommunication Indicators Database,2018,Armenia,ARM,,,,347448.0,,Ministry of High-Tech Industry of Armenia,2021-10-18
260,i61,Population,Value,ITU World Telecommunication Indicators Database,2018,Armenia,ARM,,,,2909965.0,,UN Population Division World Population Prospects 2024,2024-07-17
19257,i4213tfbb,Fixed-broadband subscriptions,Value,ITU World Telecommunication Indicators Database,2018,Burkina Faso,BFA,,,,13818.0,,Autorité de régulation des communications électroniques et des Postes (ARCEP),2021-10-01
260,i61,Population,Value,ITU World Telecommunication Indicators Database,2018,Burkina Faso,BFA,,,,20438288.0,,UN Population Division World Population Prospects 2024,2024-07-16
12047,xHH6_IDI,Estimated proportion of households with Internet access at home,% of households,ITU World Telecommunication Indicators Database,2018,Burkina Faso,BFA,,,,14.8103692342892,,ITU estimate,2021-11-29
19306,i271GA,Percentage of the population covered by at least an LTE/WiMAX mobile network.,% of individuals,ITU World Telecommunication Indicators Database,2018,Burkina Faso,BFA,,,,0.0,,Autorité de régulation des communications électroniques et des Postes (ARCEP),2021-10-01
11624,i99H,Internet users (%),% of individuals,ITU World Telecommunication Indicators Database,2018,Burkina Faso,BFA,,,,8.498900414,,ITU estimate.,2025-12-11
11632,i271mw,Active mobile-broadband subscriptions,Value,ITU World Telecommunication Indicators Database,2018,Burkina Faso,BFA,,,,5907800.0,,Autorité de régulation des communications électroniques et des Postes (ARCEP),2021-10-01
11624,i99H,Internet users (%),% of individuals,ITU World Telecommunication Indicators Database,2018,Botswana,BWA,,,,46.12509918,,ITU estimate.,2025-12-11
11632,i271mw,Active mobile-broadband subscriptions,Value,ITU World Telecommunication Indicators Database,2018,Botswana,BWA,,,,1749059.0,,Botswana Communications Regulatory Authority,2021-09-29
260,i61,Population,Value,ITU World Telecommunication Indicators Database,2018,Botswana,BWA,,,,2299141.0,,UN Population Division World Population Prospects 2024,2024-07-16
19257,i4213tfbb,Fixed-broadband subscriptions,Value,ITU World Telecommunication Indicators Database,2018,Botswana,BWA,,,,40044.0,One of the operators carried out a data cleaning exercise and found that they had been over-reporting the figures because of duplications and counting of inactive accounts.As a result the actual values were lower than those previously reported.,Botswana Communications Regulatory Authority,2021-09-29
12047,xHH6_IDI,Estimated proportion of households with Internet access at home,% of households,ITU World Telecommunication Indicators Database,2018,Botswana,BWA,,,,59.2016438100754,,ITU estimate,2021-11-29
19306,i271GA,Percentage of the population covered by at least an LTE/WiMAX mobile network.,% of individuals,ITU World Telecommunication Indicators Database,2018,Botswana,BWA,,,,65.0,Value for the largest operator,Botswana Communications Regulatory Authority,2021-09-29
19306,i271GA,Percentage of the population covered by at least an LTE/WiMAX mobile network.,% of individuals,ITU World Telecommunication Indicators Database,2018,Barbados,BRB,,,,99.6,,Division of Energy & Telecommunications                ,2021-04-08
11624,i99H,Internet users (%),% of individuals,ITU World Telecommunication Indicators Database,2018,Barbados,BRB,,,,70.72650146,,ITU estimate.,2025-12-11
11632,i271mw,Active mobile-broadband subscriptions,Value,ITU World Telecommunication Indicators Database,2018,Barbados,BRB,,,,171803.0,,Division of Energy & Telecommunications                ,2021-04-08
19257,i4213tfbb,Fixed-broadband subscriptions,Value,ITU World Telecommunication Indicators Database,2018,Barbados,BRB,,,,89340.0,,Division of Energy & Telecommunications                ,2021-04-08
260,i61,Population,Value,ITU World Telecommunication Indicators Database,2018,Barbados,BRB,,,,280711.0,,UN Population Division World Population Prospects 2024,2024-07-16
12047,xHH6_IDI,Estimated proportion of households with Internet access at home,% of households,ITU World Telecommunication Indicators Database,2018,Barbados,BRB,,,,84.6127820067913,,ITU estimate,2021-11-29
260,i61,Population,Value,ITU World Telecommunication Indicators Database,2018,Cambodia,KHM,,,,16274522.0,,UN Population Division World Population Prospects 2024,2024-07-17
19257,i4213tfbb,Fixed-broadband subscriptions,Value,ITU World Telecommunication Indicators Database,2018,Cambodia,KHM,,,,166200.0,Slowly increase as focus is on mobile internet,Telecommunication Regulator of Cambodia (TRC),2021-10-01
19306,i271GA,Percentage of the population covered by at least an LTE/WiMAX mobile network.,% of individuals,ITU World Telecommunication Indicators Database,2018,Cambodia,KHM,,,,80.3,,Telecommunication Regulator of Cambodia (TRC),2021-10-01
11632,i271mw,Active mobile-broadband subscriptions,Value,ITU World Telecommunication Indicators Database,2018,Cambodia,KHM,,,,13458050.0,Mobile Broadband maintained a strong growth in 2018 as OTT Apps became handy tools for people,Telecommunication Regulator of Cambodia (TRC),2021-10-01
11624,i99H,Internet users (%),% of individuals,ITU World Telecommunication Indicators Database,2018,Cambodia,KHM,,,,65.0,,ITU estimate.,2025-12-11
11624,i99H,Internet users (%),% of individuals,ITU World Telecommunication Indicators Database,2018,Colombia,COL,,,,64.1263768204459,"Los datos son expandidos con proyecciones de población, elaboradas con base en los resultados del censo 2005.",Departamento Administrativo Nacional de Estadistica (DANE),2024-01-23
11632,i271mw,Active mobile-broadband subscriptions,Value,ITU World Telecommunication Indicators Database,2018,Colombia,COL,,,,25982322.0,Source: Colombia TIC,Ministerio de Tecnologías de la Información y las Comunicaciones,2021-09-28
12047,xHH6_IDI,Estimated proportion of households with Internet access at home,% of households,ITU World Telecommunication Indicators Database,2018,Colombia,COL,,,,52.6611422214084,"Los datos son expandidos con proyecciones de población, elaboradas con base en los resultados del censo 2005. La población objetivo de la encuesta corresponde a las personas de 5 años y más de edad.",Departamento Administrativo Nacional de Estadistica (DANE),2024-01-23
260,i61,Population,Value,ITU World Telecommunication Indicators Database,2018,Colombia,COL,,,,49024465.0,,UN Population Division World Population Prospects 2024,2024-07-17
19257,i4213tfbb,Fixed-broadband subscriptions,Value,ITU World Telecommunication Indicators Database,2018,Colombia,COL,,,,6678543.0,Source: Colombia TIC,Ministerio de Tecnologías de la Información y las Comunicaciones,2021-09-28
19306,i271GA,Percentage of the population covered by at least an LTE/WiMAX mobile network.,% of individuals,ITU World Telecommunication Indicators Database,2018,Colombia,COL,,,,98.0,"Source: Colombia TIC, Se infiere toda la población de los municipios a las cabeceras municipales de acuerdo a la desagraciacion poblacional provista por la Entidad Estadística Nacional",Ministerio de Tecnologías de la Información y las Comunicaciones,2021-09-28
19306,i271GA,Percentage of the population covered by at least an LTE/WiMAX mobile network.,% of individuals,ITU World Telecommunication Indicators Database,2018,Spain,ESP,,,,97.8,,CNMC,2021-09-28
11624,i99H,Internet users (%),% of individuals,ITU World Telecommunication Indicators Database,2018,Spain,ESP,,,,86.107235525659,Last 3 months##Individuals between 16 and 74 years old,Instituto Nacional de Estadistica,2024-01-23
11632,i271mw,Active mobile-broadband subscriptions,Value,ITU World Telecommunication Indicators Database,2018,Spain,ESP,,,,45983207.0,,CNMC,2021-09-28
12047,xHH6_IDI,Estimated proportion of households with Internet access at home,% of households,ITU World Telecommunication Indicators Database,2018,Spain,ESP,,,,86.4000002446331,HHs with at least one member aged 16 to 74,Instituto Nacional de Estadistica,2024-01-23
260,i61,Population,Value,ITU World Telecommunication Indicators Database,2018,Spain,ESP,,,,47092821.0,,UN Population Division World Population Prospects 2024,2024-07-16
19257,i4213tfbb,Fixed-broadband subscriptions,Value,ITU World Telecommunication Indicators Database,2018,Spain,ESP,,,,15176954.0,,CNMC,2021-09-28
260,i61,Population,Value,ITU World Telecommunication Indicators Database,2018,Ethiopia,ETH,,,,112664152.0,,UN Population Division World Population Prospects 2024,2024-07-16
11624,i99H,Internet users (%),% of individuals,ITU World Telecommunication Indicators Database,2018,Ethiopia,ETH,,,,15.88619995,,ITU estimate.,2025-12-11
11624,i99H,Internet users (%),% of individuals,ITU World Telecommunication Indicators Database,2018,Honduras,HND,,,,36.0400608231468,,INE.,2024-01-23
11632,i271mw,Active mobile-broadband subscriptions,Value,ITU World Telecommunication Indicators Database,2018,Honduras,HND,,,,3079981.0,,Comisión Nacional de Telecomunicaciones (CONATEL),2021-09-29
19306,i271GA,Percentage of the population covered by at least an LTE/WiMAX mobile network.,% of individuals,ITU World Telecommunication Indicators Database,2018,Honduras,HND,,,,67.46,Estimación en base poblaciones cubiertas según mapas de cobertura,Comisión Nacional de Telecomunicaciones (CONATEL),2021-09-29
19257,i4213tfbb,Fixed-broadband subscriptions,Value,ITU World Telecommunication Indicators Database,2018,Honduras,HND,,,,354861.0,,Comisión Nacional de Telecomunicaciones (CONATEL),2021-09-29
12047,xHH6_IDI,Estimated proportion of households with Internet access at home,% of households,ITU World Telecommunication Indicators Database,2018,Honduras,HND,,,,31.0763237178675,,ITU estimate,2021-11-29
260,i61,Population,Value,ITU World Telecommunication Indicators Database,2018,Honduras,HND,,,,9765210.0,,UN Population Division World Population Prospects 2024,2024-07-16
19257,i4213tfbb,Fixed-broadband subscriptions,Value,ITU World Telecommunication Indicators Database,2018,India,IND,,,,18170000.0,December 2018,MINISTRY OF COMMUNICATIONS,2021-10-01
12047,xHH6_IDI,Estimated proportion of households with Internet access at home,% of households,ITU World Telecommunication Indicators Database,2018,India,IND,,,,23.8,,Ministry of Statistics and Programme Implementation,2024-01-23
260,i61,Population,Value,ITU World Telecommunication Indicators Database,2018,India,IND,,,,1374659064.0,,UN Population Division World Population Prospects 2024,2024-07-17
11624,i99H,Internet users (%),% of individuals,ITU World Telecommunication Indicators Database,2018,India,IND,,,,20.0813000379384,"Social consumption - Education, NSS 75th round",Ministry of Statistics and Programme Implementation,2024-01-23
11632,i271mw,Active mobile-broadband subscriptions,Value,ITU World Telecommunication Indicators Database,2018,India,IND,,,,507190000.0,December 2018,MINISTRY OF COMMUNICATIONS,2021-10-01
19306,i271GA,Percentage of the population covered by at least an LTE/WiMAX mobile network.,% of individuals,ITU World Telecommunication Indicators Database,2018,India,IND,,,,94.0,"December 2018, Data from operator having maximum coverage",MINISTRY OF COMMUNICATIONS,2021-10-01
19306,i271GA,Percentage of the population covered by at least an LTE/WiMAX mobile network.,% of individuals,ITU World Telecommunication Indicators Database,2018,Indonesia,IDN,,,,97.59,Ministry of Communications and Informatics,Ministry of Communications and Informatics,2021-09-29
260,i61,Population,Value,ITU World Telecommunication Indicators Database,2018,Indonesia,IDN,,,,269951846.0,,UN Population Division World Population Prospects 2024,2024-07-17
19257,i4213tfbb,Fixed-broadband subscriptions,Value,ITU World Telecommunication Indicators Database,2018,Indonesia,IDN,,,,8874116.0,Ministry of Communications and Informatics,Ministry of Communications and Informatics,2021-09-29
12047,xHH6_IDI,Estimated proportion of households with Internet access at home,% of households,ITU World Telecommunication Indicators Database,2018,Indonesia,IDN,,,,66.2233429352676,,BPS-Statistics Indonesia,2024-01-23
11624,i99H,Internet users (%),% of individuals,ITU World Telecommunication Indicators Database,2018,Indonesia,IDN,,,,39.9046386385762,,BPS-Statistics Indonesia,2024-01-23
11632,i271mw,Active mobile-broadband subscriptions,Value,ITU World Telecommunication Indicators Database,2018,Indonesia,IDN,,,,233269909.0,Ministry of Communications and Informatics,Ministry of Communications and Informatics,2021-09-29
11624,i99H,Internet users (%),% of individuals,ITU World Telecommunication Indicators Database,2018,Iraq,IRQ,,,,33.92810059,,ITU estimate.,2025-12-11
11632,i271mw,Active mobile-broadband subscriptions,Value,ITU World Telecommunication Indicators Database,2018,Iraq,IRQ,,,,15309376.0,,Communications and Media Commission of Iraq,2021-10-16
19306,i271GA,Percentage of the population covered by at least an LTE/WiMAX mobile network.,% of individuals,ITU World Telecommunication Indicators Database,2018,Iraq,IRQ,,,,0.0,LTE Licenses has not yet been issued.,Communications and Media Commission of Iraq,2021-10-16
12047,xHH6_IDI,Estimated proportion of households with Internet access at home,% of households,ITU World Telecommunication Indicators Database,2018,Iraq,IRQ,,,,65.366710246809,,ITU estimate,2021-11-29
260,i61,Population,Value,ITU World Telecommunication Indicators Database,2018,Iraq,IRQ,,,,40265624.0,,UN Population Division World Population Prospects 2024,2024-07-17
19257,i4213tfbb,Fixed-broadband subscriptions,Value,ITU World Telecommunication Indicators Database,2018,Iraq,IRQ,,,,4492328.0,,Communications and Media Commission of Iraq,2021-10-16
260,i61,Population,Value,ITU World Telecommunication Indicators Database,2018,Israel,ISR,,,,8510067.0,,UN Population Division World Population Prospects 2024,2024-07-17
19257,i4213tfbb,Fixed-broadband subscriptions,Value,ITU World Telecommunication Indicators Database,2018,Israel,ISR,,,,2435000.0,"Sep. 2018 - Inc. DSL, cable and FTTH.",Ministry of Communications,2021-03-09
12047,xHH6_IDI,Estimated proportion of households with Internet access at home,% of households,ITU World Telecommunication Indicators Database,2018,Israel,ISR,,,,74.9391031771372,,Central Bureau of Statistics,2024-01-23
11632,i271mw,Active mobile-broadband subscriptions,Value,ITU World Telecommunication Indicators Database,2018,Israel,ISR,,,,9500000.0,,Ministry of Communications,2021-03-09
11624,i99H,Internet users (%),% of individuals,ITU World Telecommunication Indicators Database,2018,Israel,ISR,,,,83.7331569615326,"starting from 2014, the ISS asks about internet usage via a computer, or a mobile cellular phone",Central Bureau of Statistics,2024-01-23
19306,i271GA,Percentage of the population covered by at least an LTE/WiMAX mobile network.,% of individuals,ITU World Telecommunication Indicators Database,2018,Israel,ISR,,,,90.0,,Ministry of Communications,2021-03-09
19306,i271GA,Percentage of the population covered by at least an LTE/WiMAX mobile network.,% of individuals,ITU World Telecommunication Indicators Database,2018,Japan,JPN,,,,99.9,,Ministry of Internal Affairs and Communications,2021-12-23
12047,xHH6_IDI,Estimated proportion of households with Internet access at home,% of households,ITU World Telecommunication Indicators Database,2018,Japan,JPN,,,,95.7364048338369,Estimated by the following method; (The number of households by which the age of householder is more than 20 years old)*(Survey result(%)),Ministry of Internal Affairs and Communications,2024-01-23
260,i61,Population,Value,ITU World Telecommunication Indicators Database,2018,Japan,JPN,,,,126913432.0,,UN Population Division World Population Prospects 2024,2024-07-17
19257,i4213tfbb,Fixed-broadband subscriptions,Value,ITU World Telecommunication Indicators Database,2018,Japan,JPN,,,,41496293.0,Total does not equal the sum of subscriptions by speed since it included subscriptions with unknown speed.,Ministry of Internal Affairs and Communications,2021-10-15
11624,i99H,Internet users (%),% of individuals,ITU World Telecommunication Indicators Database,2018,Japan,JPN,,,,88.7463508901772,estimated by the following method. (The estimation population of more than 6 years old)×(Survey result(%)). Used in the last 12 months - includes all holders of mobile phones,Ministry of Internal Affairs and Communications,2024-01-23
11632,i271mw,Active mobile-broadband subscriptions,Value,ITU World Telecommunication Indicators Database,2018,Japan,JPN,,,,177752088.0,,Ministry of Internal Affairs and Communications,2024-03-07
11624,i99H,Internet users (%),% of individuals,ITU World Telecommunication Indicators Database,2018,Jamaica,JAM,,,,68.2145170876072,,Statistical Institute of Jamaica,2024-01-23
11632,i271mw,Active mobile-broadband subscriptions,Value,ITU World Telecommunication Indicators Database,2018,Jamaica,JAM,,,,1502313.0,,Office of Utilities Regulation,2021-10-15
19306,i271GA,Percentage of the population covered by at least an LTE/WiMAX mobile network.,% of individuals,ITU World Telecommunication Indicators Database,2018,Jamaica,JAM,,,,73.0,,Office of Utilities Regulation,2021-10-15
19257,i4213tfbb,Fixed-broadband subscriptions,Value,ITU World Telecommunication Indicators Database,2018,Jamaica,JAM,,,,284756.0,,Office of Utilities Regulation,2021-10-15
12047,xHH6_IDI,Estimated proportion of households with Internet access at home,% of households,ITU World Telecommunication Indicators Database,2018,Jamaica,JAM,,,,64.4063907613756,,Statistical Institute of Jamaica,2024-01-23
260,i61,Population,Value,ITU World Telecommunication Indicators Database,2018,Jamaica,JAM,,,,2820097.0,,UN Population Division World Population Prospects 2024,2024-07-16
12047,xHH6_IDI,Estimated proportion of households with Internet access at home,% of households,ITU World Telecommunication Indicators Database,2018,Kenya,KEN,,,,12.089848413724,,ITU estimate,2021-11-29
260,i61,Population,Value,ITU World Telecommunication Indicators Database,2018,Kenya,KEN,,,,50207107.0,,UN Population Division World Population Prospects 2024,2024-07-16
19257,i4213tfbb,Fixed-broadband subscriptions,Value,ITU World Telecommunication Indicators Database,2018,Kenya,KEN,,,,371498.0,,Communications Authority  of Kenya,2021-09-30
11632,i271mw,Active mobile-broadband subscriptions,Value,ITU World Telecommunication Indicators Database,2018,Kenya,KEN,,,,21543425.0,,Communications Authority  of Kenya,2021-09-30
11624,i99H,Internet users (%),% of individuals,ITU World Telecommunication Indicators Database,2018,Kenya,KEN,,,,19.5,,ITU estimate.,2021-07-02
19306,i271GA,Percentage of the population covered by at least an LTE/WiMAX mobile network.,% of individuals,ITU World Telecommunication Indicators Database,2018,Kenya,KEN,,,,35.0,,Communications Authority  of Kenya,2021-09-30
19306,i271GA,Percentage of the population covered by at least an LTE/WiMAX mobile network.,% of individuals,ITU World Telecommunication Indicators Database,2018,Madagascar,MDG,,,,25.0,,Autorité de Régulation des Technologies de Communication,2021-04-27
12047,xHH6_IDI,Estimated proportion of households with Internet access at home,% of households,ITU World Telecommunication Indicators Database,2018,Madagascar,MDG,,,,3.7,,Institute National de la Statistique - Troisieme Recensement General de la Population et de l'Habitation (RGPH-3),2024-01-23
260,i61,Population,Value,ITU World Telecommunication Indicators Database,2018,Madagascar,MDG,,,,27494926.0,,UN Population Division World Population Prospects 2024,2024-07-16
19257,i4213tfbb,Fixed-broadband subscriptions,Value,ITU World Telecommunication Indicators Database,2018,Madagascar,MDG,,,,27211.0,,Autorité de Régulation des Technologies de Communication,2021-04-27
11624,i99H,Internet users (%),% of individuals,ITU World Telecommunication Indicators Database,2018,Madagascar,MDG,,,,7.747799873,,ITU estimate.,2025-12-11
11632,i271mw,Active mobile-broadband subscriptions,Value,ITU World Telecommunication Indicators Database,2018,Madagascar,MDG,,,,4097391.0,,Autorité de Régulation des Technologies de Communication,2021-04-27
11632,i271mw,Active mobile-broadband subscriptions,Value,ITU World Telecommunication Indicators Database,2018,Morocco,MAR,,,,21288359.0,,ANRT,2021-10-12
11624,i99H,Internet users (%),% of individuals,ITU World Telecommunication Indicators Database,2018,Morocco,MAR,,,,64.8038651924043,,Direction de la Statistique,2024-01-23
19306,i271GA,Percentage of the population covered by at least an LTE/WiMAX mobile network.,% of individuals,ITU World Telecommunication Indicators Database,2018,Morocco,MAR,,,,96.0,,ANRT,2021-10-12
19257,i4213tfbb,Fixed-broadband subscriptions,Value,ITU World Telecommunication Indicators Database,2018,Morocco,MAR,,,,1552599.0,,ANRT,2021-10-12
12047,xHH6_IDI,Estimated proportion of households with Internet access at home,% of households,ITU World Telecommunication Indicators Database,2018,Morocco,MAR,,,,74.1667779617609,,Agence Nationale de Réglementation des Télécommunications,2024-01-23
260,i61,Population,Value,ITU World Telecommunication Indicators Database,2018,Morocco,MAR,,,,35839760.0,,UN Population Division World Population Prospects 2024,2024-07-16
260,i61,Population,Value,ITU World Telecommunication Indicators Database,2018,Papua New Guinea,PNG,,,,9394513.0,,UN Population Division World Population Prospects 2024,2024-07-17
11624,i99H,Internet users (%),% of individuals,ITU World Telecommunication Indicators Database,2018,Papua New Guinea,PNG,,,,12.35789967,,ITU estimate.,2025-12-11
11624,i99H,Internet users (%),% of individuals,ITU World Telecommunication Indicators Database,2018,Rwanda,RWA,,,,19.16659927,,ITU estimate.,2025-12-11
11632,i271mw,Active mobile-broadband subscriptions,Value,ITU World Telecommunication Indicators Database,2018,Rwanda,RWA,,,,4799139.0,,Rwanda Utilities Regulatory Authority (RURA),2021-09-30
12047,xHH6_IDI,Estimated proportion of households with Internet access at home,% of households,ITU World Telecommunication Indicators Database,2018,Rwanda,RWA,,,,12.8068754940566,,ITU estimate,2021-11-29
19257,i4213tfbb,Fixed-broadband subscriptions,Value,ITU World Telecommunication Indicators Database,2018,Rwanda,RWA,,,,7501.0,Fixed broadband subscriptions has decreased because some individuals and households preferred to use mobile internet only.,Rwanda Utilities Regulatory Authority (RURA),2021-09-30
260,i61,Population,Value,ITU World Telecommunication Indicators Database,2018,Rwanda,RWA,,,,12487996.0,,UN Population Division World Population Prospects 2024,2024-07-16
19306,i271GA,Percentage of the population covered by at least an LTE/WiMAX mobile network.,% of individuals,ITU World Telecommunication Indicators Database,2018,Rwanda,RWA,,,,96.6,,Rwanda Utilities Regulatory Authority (RURA),2021-09-30
12047,xHH6_IDI,Estimated proportion of households with Internet access at home,% of households,ITU World Telecommunication Indicators Database,2018,Uganda,UGA,,,,9.1122731882706,,ITU estimate,2021-11-29
260,i61,Population,Value,ITU World Telecommunication Indicators Database,2018,Uganda,UGA,,,,41565831.0,,UN Population Division World Population Prospects 2024,2024-07-16
11624,i99H,Internet users (%),% of individuals,ITU World Telecommunication Indicators Database,2018,Uganda,UGA,,,,9.326299667,,ITU estimate.,2025-12-11
11632,i271mw,Active mobile-broadband subscriptions,Value,ITU World Telecommunication Indicators Database,2018,Uganda,UGA,,,,14360847.0,,Uganda Communications Commission,2021-09-30
19257,i4213tfbb,Fixed-broadband subscriptions,Value,ITU World Telecommunication Indicators Database,2018,Ukraine,UKR,,,,5405125.0,,State Service  of Special Communications and Information Protection of Ukraine,2021-09-30
12047,xHH6_IDI,Estimated proportion of households with Internet access at home,% of households,ITU World Telecommunication Indicators Database,2018,Ukraine,UKR,,,,61.8762630214114,,State Statistics Service of Ukraine,2024-01-23
260,i61,Population,Value,ITU World Telecommunication Indicators Database,2018,Ukraine,UKR,,,,42216800.0,"Excluding the temporarily occupied territories of the Autonomous Republic of Crimea, and the city of Sevastopol.",State Statistics Service of Ukraine,2019-10-29
11624,i99H,Internet users (%),% of individuals,ITU World Telecommunication Indicators Database,2018,Ukraine,UKR,,,,62.5531553933869,Information about the number of the population who reported that they made use of the Internet services during the last 12 months is presented.,State Statistics Service of Ukraine,2024-01-23
11632,i271mw,Active mobile-broadband subscriptions,Value,ITU World Telecommunication Indicators Database,2018,Ukraine,UKR,,,,19907552.0,,State Service  of Special Communications and Information Protection of Ukraine,2021-09-30
11624,i99H,Internet users (%),% of individuals,ITU World Telecommunication Indicators Database,2018,United States,USA,,,,88.498903165152,,US Census Bureau,2024-01-23
11632,i271mw,Active mobile-broadband subscriptions,Value,ITU World Telecommunication Indicators Database,2018,United States,USA,,,,463097000.0,Source: Omdia.,Federal Communications Commission,2021-09-29
19306,i271GA,Percentage of the population covered by at least an LTE/WiMAX mobile network.,% of individuals,ITU World Telecommunication Indicators Database,2018,United States,USA,,,,99.9,Source: FCC Form 477 (Subject to Change).,Federal Communications Commission,2021-09-29
260,i61,Population,Value,ITU World Telecommunication Indicators Database,2018,United States,USA,,,,335056497.0,,UN Population Division World Population Prospects 2024,2024-07-17
19257,i4213tfbb,Fixed-broadband subscriptions,Value,ITU World Telecommunication Indicators Database,2018,United States,USA,,,,110756000.0,Source: FCC Form 477 (Subject to Change).,Federal Communications Commission,2021-09-29
12047,xHH6_IDI,Estimated proportion of households with Internet access at home,% of households,ITU World Telecommunication Indicators Database,2018,United States,USA,,,,85.3497942386831,Households with Internet subscription. Does not include access without subscription.  Includes dial-up internet.  ##,US Census Bureau,2024-01-23
